Year,Event,Driver,Team,LapNumber,Stint,TyreLife,Compound,LapTime,Position,TrackTemp,AirTemp,FuelEstimate,RowID,NormalizedLap,LapInStint,BestLap,DeltaBestLap,FuelNorm
2024,Abu Dhabi Grand Prix,PIA,McLaren,6,2,2,HARD,88.95,18,31.8,26.8,101,1,1.26000000000001,1,88.95,0,0.933456561922366
2024,Abu Dhabi Grand Prix,PIA,McLaren,7,2,3,HARD,89.152,17,31.8,26.8,99.2,2,1.462,2,88.95,0.201999999999998,0.916820702402958
2024,Abu Dhabi Grand Prix,PIA,McLaren,8,2,4,HARD,89.482,17,31.8,26.8,97.4,3,1.792,3,88.95,0.531999999999996,0.900184842883549
2024,Abu Dhabi Grand Prix,PIA,McLaren,9,2,5,HARD,89.553,17,31.8,26.8,95.6,4,1.863,4,88.95,0.602999999999994,0.88354898336414
2024,Abu Dhabi Grand Prix,PIA,McLaren,10,2,6,HARD,89.669,17,31.8,26.8,93.8,5,1.979,5,88.95,0.718999999999994,0.866913123844732
2024,Abu Dhabi Grand Prix,PIA,McLaren,11,2,7,HARD,89.317,17,31.8,26.8,92,6,1.627,6,88.95,0.36699999999999,0.850277264325323
2024,Abu Dhabi Grand Prix,PIA,McLaren,12,2,8,HARD,89.841,17,31.8,26.8,90.2,7,2.151,7,88.95,0.890999999999991,0.833641404805915
2024,Abu Dhabi Grand Prix,PIA,McLaren,13,2,9,HARD,89.567,14,31.8,26.8,88.4,8,1.877,8,88.95,0.61699999999999,0.817005545286506
2024,Abu Dhabi Grand Prix,PIA,McLaren,14,2,10,HARD,89.319,13,31.8,26.8,86.6,9,1.629,9,88.95,0.369,0.800369685767098
2024,Abu Dhabi Grand Prix,PIA,McLaren,15,2,11,HARD,89.895,13,31.8,26.8,84.8,10,2.205,10,88.95,0.944999999999993,0.783733826247689
2024,Abu Dhabi Grand Prix,PIA,McLaren,16,2,12,HARD,89.904,13,31.8,26.8,83,11,2.214,11,88.95,0.953999999999994,0.767097966728281
2024,Abu Dhabi Grand Prix,PIA,McLaren,17,2,13,HARD,89.659,13,31.8,26.8,81.2,12,1.96900000000001,12,88.95,0.709000000000003,0.750462107208873
2024,Abu Dhabi Grand Prix,PIA,McLaren,18,2,14,HARD,89.607,13,31.8,26.8,79.4,13,1.917,13,88.95,0.656999999999996,0.733826247689464
2024,Abu Dhabi Grand Prix,PIA,McLaren,19,2,15,HARD,90.058,13,31.8,26.8,77.6,14,2.36800000000001,14,88.95,1.108,0.717190388170055
2024,Abu Dhabi Grand Prix,PIA,McLaren,20,2,16,HARD,90.191,13,31.8,26.8,75.8,15,2.501,15,88.95,1.241,0.700554528650647
2024,Abu Dhabi Grand Prix,PIA,McLaren,21,2,17,HARD,90.277,13,31.8,26.8,74,16,2.587,16,88.95,1.327,0.683918669131238
2024,Abu Dhabi Grand Prix,PIA,McLaren,22,2,18,HARD,90.173,12,31.8,26.8,72.2,17,2.483,17,88.95,1.223,0.66728280961183
2024,Abu Dhabi Grand Prix,PIA,McLaren,23,2,19,HARD,89.661,11,31.8,26.8,70.4,18,1.971,18,88.95,0.710999999999999,0.650646950092421
2024,Abu Dhabi Grand Prix,PIA,McLaren,24,2,20,HARD,89.79,10,31.8,26.8,68.6,19,2.10000000000001,19,88.95,0.840000000000003,0.634011090573013
2024,Abu Dhabi Grand Prix,PIA,McLaren,25,2,21,HARD,89.894,10,31.8,26.8,66.8,20,2.20400000000001,20,88.95,0.944000000000003,0.617375231053604
2024,Abu Dhabi Grand Prix,PIA,McLaren,26,2,22,HARD,89.669,10,31.8,26.8,65,21,1.979,21,88.95,0.718999999999994,0.600739371534196
2024,Abu Dhabi Grand Prix,PIA,McLaren,27,2,23,HARD,89.631,10,31.8,26.8,63.2,22,1.941,22,88.95,0.680999999999997,0.584103512014787
2024,Abu Dhabi Grand Prix,PIA,McLaren,28,2,24,HARD,90.036,10,31.8,26.8,61.4,23,2.346,23,88.95,1.086,0.567467652495379
2024,Abu Dhabi Grand Prix,PIA,McLaren,29,2,25,HARD,89.735,10,31.8,26.8,59.6,24,2.045,24,88.95,0.784999999999997,0.55083179297597
2024,Abu Dhabi Grand Prix,PIA,McLaren,35,3,3,HARD,88.193,15,31.8,26.8,48.8,25,0.503,1,87.69,0.503,0.451016635859519
2024,Abu Dhabi Grand Prix,PIA,McLaren,36,3,4,HARD,87.931,15,31.8,26.8,47,26,0.241,2,87.69,0.241,0.434380776340111
2024,Abu Dhabi Grand Prix,PIA,McLaren,37,3,5,HARD,88.469,15,31.8,26.8,45.2,27,0.778999999999996,3,87.69,0.778999999999996,0.417744916820702
2024,Abu Dhabi Grand Prix,PIA,McLaren,38,3,6,HARD,88.238,14,31.8,26.8,43.4,28,0.548000000000002,4,87.69,0.548000000000002,0.401109057301294
2024,Abu Dhabi Grand Prix,PIA,McLaren,39,3,7,HARD,88.206,13,31.8,26.8,41.6,29,0.516000000000005,5,87.69,0.516000000000005,0.384473197781885
2024,Abu Dhabi Grand Prix,PIA,McLaren,40,3,8,HARD,88.325,12,31.8,26.8,39.8,30,0.635000000000005,6,87.69,0.635000000000005,0.367837338262477
2024,Abu Dhabi Grand Prix,PIA,McLaren,41,3,9,HARD,88.112,12,31.8,26.8,38,31,0.421999999999997,7,87.69,0.421999999999997,0.351201478743068
2024,Abu Dhabi Grand Prix,PIA,McLaren,42,3,10,HARD,88.067,12,31.8,26.8,36.2,32,0.376999999999995,8,87.69,0.376999999999995,0.33456561922366
2024,Abu Dhabi Grand Prix,PIA,McLaren,43,3,11,HARD,88.052,12,31.8,26.8,34.4,33,0.362000000000009,9,87.69,0.362000000000009,0.317929759704251
2024,Abu Dhabi Grand Prix,PIA,McLaren,44,3,12,HARD,88.497,12,31.8,26.8,32.6,34,0.807000000000002,10,87.69,0.807000000000002,0.301293900184843
2024,Abu Dhabi Grand Prix,PIA,McLaren,45,3,13,HARD,90.015,12,31.8,26.8,30.8,35,2.325,11,87.69,2.325,0.284658040665434
2024,Abu Dhabi Grand Prix,PIA,McLaren,46,3,14,HARD,89.677,12,31.8,26.8,29,36,1.98700000000001,12,87.69,1.98700000000001,0.268022181146026
2024,Abu Dhabi Grand Prix,PIA,McLaren,47,3,15,HARD,89.671,12,31.8,26.8,27.2,37,1.98100000000001,13,87.69,1.98100000000001,0.251386321626617
2024,Abu Dhabi Grand Prix,PIA,McLaren,48,3,16,HARD,88.407,11,31.8,26.8,25.4,38,0.716999999999999,14,87.69,0.716999999999999,0.234750462107209
2024,Abu Dhabi Grand Prix,PIA,McLaren,49,3,17,HARD,87.928,11,31.8,26.8,23.6,39,0.238,15,87.69,0.238,0.2181146025878
2024,Abu Dhabi Grand Prix,PIA,McLaren,50,3,18,HARD,87.705,11,31.8,26.8,21.8,40,0.0150000000000006,16,87.69,0.0150000000000006,0.201478743068392
2024,Abu Dhabi Grand Prix,PIA,McLaren,51,3,19,HARD,87.69,11,31.8,26.8,20,41,0,17,87.69,0,0.184842883548983
2024,Abu Dhabi Grand Prix,PIA,McLaren,52,3,20,HARD,88.491,11,31.8,26.8,18.2,42,0.801000000000002,18,87.69,0.801000000000002,0.168207024029575
2024,Abu Dhabi Grand Prix,PIA,McLaren,53,3,21,HARD,88.168,10,31.8,26.8,16.4,43,0.478000000000009,19,87.69,0.478000000000009,0.151571164510166
2024,Abu Dhabi Grand Prix,PIA,McLaren,54,3,22,HARD,87.731,10,31.8,26.8,14.6,44,0.0409999999999968,20,87.69,0.0409999999999968,0.134935304990758
2024,Abu Dhabi Grand Prix,PIA,McLaren,55,3,23,HARD,87.781,10,31.8,26.8,12.8,45,0.0910000000000082,21,87.69,0.0910000000000082,0.118299445471349
2024,Abu Dhabi Grand Prix,PIA,McLaren,56,3,24,HARD,87.816,10,31.8,26.8,11,46,0.126000000000005,22,87.69,0.126000000000005,0.101663585951941
2024,Abu Dhabi Grand Prix,PIA,McLaren,58,3,26,HARD,88.01,10,31.8,26.8,7.4,47,0.320000000000007,23,87.69,0.320000000000007,0.0683918669131238
2024,Australian Grand Prix,PIA,McLaren,2,1,2,MEDIUM,83.232,5,38.4,20.6,108.2,48,3.033,1,82.581,0.650999999999996,1
2024,Australian Grand Prix,PIA,McLaren,3,1,3,MEDIUM,82.669,5,38.4,20.6,106.4,49,2.47,2,82.581,0.0879999999999939,0.983364140480592
2024,Australian Grand Prix,PIA,McLaren,4,1,4,MEDIUM,82.581,4,38.4,20.6,104.6,50,2.38200000000001,3,82.581,0,0.966728280961183
2024,Australian Grand Prix,PIA,McLaren,5,1,5,MEDIUM,82.594,4,38.4,20.6,102.8,51,2.395,4,82.581,0.012999999999991,0.950092421441774
2024,Australian Grand Prix,PIA,McLaren,6,1,6,MEDIUM,82.582,4,38.4,20.6,101,52,2.383,5,82.581,0.000999999999990564,0.933456561922366
2024,Australian Grand Prix,PIA,McLaren,7,1,7,MEDIUM,82.877,4,38.4,20.6,99.2,53,2.678,6,82.581,0.295999999999992,0.916820702402958
2024,Australian Grand Prix,PIA,McLaren,12,2,4,HARD,82.948,6,38.4,20.6,90.2,54,2.749,1,81.597,1.351,0.833641404805915
2024,Australian Grand Prix,PIA,McLaren,13,2,5,HARD,82.426,6,38.4,20.6,88.4,55,2.227,2,81.597,0.829000000000008,0.817005545286506
2024,Australian Grand Prix,PIA,McLaren,14,2,6,HARD,81.968,5,38.4,20.6,86.6,56,1.76900000000001,3,81.597,0.371000000000009,0.800369685767098
2024,Australian Grand Prix,PIA,McLaren,15,2,7,HARD,81.961,4,38.4,20.6,84.8,57,1.762,4,81.597,0.364000000000004,0.783733826247689
2024,Australian Grand Prix,PIA,McLaren,16,2,8,HARD,82.015,4,38.4,20.6,83,58,1.816,5,81.597,0.418000000000006,0.767097966728281
2024,Australian Grand Prix,PIA,McLaren,19,2,11,HARD,81.871,3,38.4,20.6,77.6,59,1.672,6,81.597,0.274000000000001,0.717190388170055
2024,Australian Grand Prix,PIA,McLaren,20,2,12,HARD,82.085,3,38.4,20.6,75.8,60,1.886,7,81.597,0.488,0.700554528650647
2024,Australian Grand Prix,PIA,McLaren,21,2,13,HARD,81.923,3,38.4,20.6,74,61,1.724,8,81.597,0.326000000000008,0.683918669131238
2024,Australian Grand Prix,PIA,McLaren,22,2,14,HARD,82.013,3,38.4,20.6,72.2,62,1.81400000000001,9,81.597,0.416000000000011,0.66728280961183
2024,Australian Grand Prix,PIA,McLaren,23,2,15,HARD,81.817,3,38.4,20.6,70.4,63,1.61799999999999,10,81.597,0.219999999999999,0.650646950092421
2024,Australian Grand Prix,PIA,McLaren,24,2,16,HARD,81.83,3,38.4,20.6,68.6,64,1.631,11,81.597,0.233000000000004,0.634011090573013
2024,Australian Grand Prix,PIA,McLaren,25,2,17,HARD,81.597,3,38.4,20.6,66.8,65,1.398,12,81.597,0,0.617375231053604
2024,Australian Grand Prix,PIA,McLaren,26,2,18,HARD,82.243,3,38.4,20.6,65,66,2.044,13,81.597,0.646000000000001,0.600739371534196
2024,Australian Grand Prix,PIA,McLaren,27,2,19,HARD,82.287,3,38.4,20.6,63.2,67,2.08800000000001,14,81.597,0.690000000000012,0.584103512014787
2024,Australian Grand Prix,PIA,McLaren,28,2,20,HARD,82.204,3,38.4,20.6,61.4,68,2.005,15,81.597,0.606999999999999,0.567467652495379
2024,Australian Grand Prix,PIA,McLaren,29,2,21,HARD,83.479,4,38.4,20.6,59.6,69,3.28,16,81.597,1.88200000000001,0.55083179297597
2024,Australian Grand Prix,PIA,McLaren,30,2,22,HARD,82.52,4,38.4,20.6,57.8,70,2.321,17,81.597,0.923000000000002,0.534195933456562
2024,Australian Grand Prix,PIA,McLaren,31,2,23,HARD,82.133,4,38.4,20.6,56,71,1.934,18,81.597,0.536000000000001,0.517560073937153
2024,Australian Grand Prix,PIA,McLaren,32,2,24,HARD,81.989,4,38.4,20.6,54.2,72,1.79000000000001,19,81.597,0.39200000000001,0.500924214417745
2024,Australian Grand Prix,PIA,McLaren,33,2,25,HARD,82.1,4,38.4,20.6,52.4,73,1.901,20,81.597,0.503,0.484288354898336
2024,Australian Grand Prix,PIA,McLaren,34,2,26,HARD,82.238,3,38.4,20.6,50.6,74,2.039,21,81.597,0.641000000000005,0.467652495378928
2024,Australian Grand Prix,PIA,McLaren,35,2,27,HARD,82.059,3,38.4,20.6,48.8,75,1.86,22,81.597,0.462000000000003,0.451016635859519
2024,Australian Grand Prix,PIA,McLaren,36,2,28,HARD,82.047,3,38.4,20.6,47,76,1.848,23,81.597,0.450000000000003,0.434380776340111
2024,Australian Grand Prix,PIA,McLaren,37,2,29,HARD,81.89,3,38.4,20.6,45.2,77,1.691,24,81.597,0.293000000000006,0.417744916820702
2024,Australian Grand Prix,PIA,McLaren,42,3,4,HARD,81.08,4,38.4,20.6,36.2,78,0.881,1,80.199,0.881,0.33456561922366
2024,Australian Grand Prix,PIA,McLaren,43,3,5,HARD,80.485,4,38.4,20.6,34.4,79,0.286000000000001,2,80.199,0.286000000000001,0.317929759704251
2024,Australian Grand Prix,PIA,McLaren,44,3,6,HARD,80.395,4,38.4,20.6,32.6,80,0.195999999999998,3,80.199,0.195999999999998,0.301293900184843
2024,Australian Grand Prix,PIA,McLaren,45,3,7,HARD,80.223,4,38.4,20.6,30.8,81,0.0240000000000009,4,80.199,0.0240000000000009,0.284658040665434
2024,Australian Grand Prix,PIA,McLaren,46,3,8,HARD,80.615,4,38.4,20.6,29,82,0.415999999999997,5,80.199,0.415999999999997,0.268022181146026
2024,Australian Grand Prix,PIA,McLaren,47,3,9,HARD,80.682,4,38.4,20.6,27.2,83,0.483000000000004,6,80.199,0.483000000000004,0.251386321626617
2024,Australian Grand Prix,PIA,McLaren,48,3,10,HARD,80.588,4,38.4,20.6,25.4,84,0.388999999999996,7,80.199,0.388999999999996,0.234750462107209
2024,Australian Grand Prix,PIA,McLaren,49,3,11,HARD,80.352,4,38.4,20.6,23.6,85,0.153000000000006,8,80.199,0.153000000000006,0.2181146025878
2024,Australian Grand Prix,PIA,McLaren,50,3,12,HARD,80.496,4,38.4,20.6,21.8,86,0.296999999999997,9,80.199,0.296999999999997,0.201478743068392
2024,Australian Grand Prix,PIA,McLaren,51,3,13,HARD,80.718,4,38.4,20.6,20,87,0.519000000000005,10,80.199,0.519000000000005,0.184842883548983
2024,Australian Grand Prix,PIA,McLaren,52,3,14,HARD,80.295,4,38.4,20.6,18.2,88,0.0960000000000036,11,80.199,0.0960000000000036,0.168207024029575
2024,Australian Grand Prix,PIA,McLaren,53,3,15,HARD,80.308,4,38.4,20.6,16.4,89,0.109000000000009,12,80.199,0.109000000000009,0.151571164510166
2024,Australian Grand Prix,PIA,McLaren,54,3,16,HARD,80.199,4,38.4,20.6,14.6,90,0,13,80.199,0,0.134935304990758
2024,Australian Grand Prix,PIA,McLaren,55,3,17,HARD,80.754,4,38.4,20.6,12.8,91,0.555000000000007,14,80.199,0.555000000000007,0.118299445471349
2024,Australian Grand Prix,PIA,McLaren,56,3,18,HARD,80.357,4,38.4,20.6,11,92,0.158000000000001,15,80.199,0.158000000000001,0.101663585951941
2024,Austrian Grand Prix,PIA,McLaren,2,1,2,MEDIUM,70.541,7,46.4,29.4,108.2,93,2.61699999999999,1,70.541,0,1
2024,Austrian Grand Prix,PIA,McLaren,3,1,3,MEDIUM,70.743,7,46.4,29.4,106.4,94,2.81899999999999,2,70.541,0.201999999999998,0.983364140480592
2024,Austrian Grand Prix,PIA,McLaren,4,1,4,MEDIUM,70.81,7,46.4,29.4,104.6,95,2.886,3,70.541,0.269000000000005,0.966728280961183
2024,Austrian Grand Prix,PIA,McLaren,5,1,5,MEDIUM,70.607,7,46.4,29.4,102.8,96,2.68299999999999,4,70.541,0.0660000000000025,0.950092421441774
2024,Austrian Grand Prix,PIA,McLaren,6,1,6,MEDIUM,71.246,7,46.4,29.4,101,97,3.32199999999999,5,70.541,0.704999999999998,0.933456561922366
2024,Austrian Grand Prix,PIA,McLaren,7,1,7,MEDIUM,71.094,6,46.4,29.4,99.2,98,3.16999999999999,6,70.541,0.552999999999997,0.916820702402958
2024,Austrian Grand Prix,PIA,McLaren,8,1,8,MEDIUM,71.351,6,46.4,29.4,97.4,99,3.42699999999999,7,70.541,0.810000000000002,0.900184842883549
2024,Austrian Grand Prix,PIA,McLaren,9,1,9,MEDIUM,71.024,6,46.4,29.4,95.6,100,3.09999999999999,8,70.541,0.483000000000004,0.88354898336414
2024,Austrian Grand Prix,PIA,McLaren,10,1,10,MEDIUM,71.369,6,46.4,29.4,93.8,101,3.44499999999999,9,70.541,0.828000000000003,0.866913123844732
2024,Austrian Grand Prix,PIA,McLaren,11,1,11,MEDIUM,71.394,6,46.4,29.4,92,102,3.47,10,70.541,0.853000000000009,0.850277264325323
2024,Austrian Grand Prix,PIA,McLaren,12,1,12,MEDIUM,71.153,6,46.4,29.4,90.2,103,3.229,11,70.541,0.612000000000009,0.833641404805915
2024,Austrian Grand Prix,PIA,McLaren,13,1,13,MEDIUM,71.3,6,46.4,29.4,88.4,104,3.37599999999999,12,70.541,0.759,0.817005545286506
2024,Austrian Grand Prix,PIA,McLaren,14,1,14,MEDIUM,71.424,6,46.4,29.4,86.6,105,3.5,13,70.541,0.88300000000001,0.800369685767098
2024,Austrian Grand Prix,PIA,McLaren,15,1,15,MEDIUM,71.665,6,46.4,29.4,84.8,106,3.741,14,70.541,1.12400000000001,0.783733826247689
2024,Austrian Grand Prix,PIA,McLaren,16,1,16,MEDIUM,71.484,6,46.4,29.4,83,107,3.55999999999999,15,70.541,0.942999999999998,0.767097966728281
2024,Austrian Grand Prix,PIA,McLaren,17,1,17,MEDIUM,71.535,6,46.4,29.4,81.2,108,3.61099999999999,16,70.541,0.994,0.750462107208873
2024,Austrian Grand Prix,PIA,McLaren,18,1,18,MEDIUM,71.577,6,46.4,29.4,79.4,109,3.65299999999999,17,70.541,1.036,0.733826247689464
2024,Austrian Grand Prix,PIA,McLaren,19,1,19,MEDIUM,71.753,6,46.4,29.4,77.6,110,3.82899999999999,18,70.541,1.212,0.717190388170055
2024,Austrian Grand Prix,PIA,McLaren,20,1,20,MEDIUM,71.741,6,46.4,29.4,75.8,111,3.81699999999999,19,70.541,1.2,0.700554528650647
2024,Austrian Grand Prix,PIA,McLaren,21,1,21,MEDIUM,71.86,5,46.4,29.4,74,112,3.93599999999999,20,70.541,1.319,0.683918669131238
2024,Austrian Grand Prix,PIA,McLaren,22,1,22,MEDIUM,71.366,5,46.4,29.4,72.2,113,3.44199999999999,21,70.541,0.825000000000003,0.66728280961183
2024,Austrian Grand Prix,PIA,McLaren,23,1,23,MEDIUM,71.224,3,46.4,29.4,70.4,114,3.3,22,70.541,0.683000000000007,0.650646950092421
2024,Austrian Grand Prix,PIA,McLaren,28,2,3,HARD,70.276,6,46.4,29.4,61.4,115,2.35199999999999,1,69.516,0.759999999999991,0.567467652495379
2024,Austrian Grand Prix,PIA,McLaren,29,2,4,HARD,69.985,6,46.4,29.4,59.6,116,2.06099999999999,2,69.516,0.468999999999994,0.55083179297597
2024,Austrian Grand Prix,PIA,McLaren,30,2,5,HARD,70.423,6,46.4,29.4,57.8,117,2.499,3,69.516,0.906999999999996,0.534195933456562
2024,Austrian Grand Prix,PIA,McLaren,31,2,6,HARD,69.994,6,46.4,29.4,56,118,2.06999999999999,4,69.516,0.477999999999994,0.517560073937153
2024,Austrian Grand Prix,PIA,McLaren,32,2,7,HARD,69.767,6,46.4,29.4,54.2,119,1.84299999999999,5,69.516,0.250999999999991,0.500924214417745
2024,Austrian Grand Prix,PIA,McLaren,33,2,8,HARD,69.516,6,46.4,29.4,52.4,120,1.592,6,69.516,0,0.484288354898336
2024,Austrian Grand Prix,PIA,McLaren,34,2,9,HARD,69.779,6,46.4,29.4,50.6,121,1.85499999999999,7,69.516,0.262999999999991,0.467652495378928
2024,Austrian Grand Prix,PIA,McLaren,35,2,10,HARD,70.238,6,46.4,29.4,48.8,122,2.31399999999999,8,69.516,0.721999999999994,0.451016635859519
2024,Austrian Grand Prix,PIA,McLaren,36,2,11,HARD,70.298,6,46.4,29.4,47,123,2.374,9,69.516,0.781999999999996,0.434380776340111
2024,Austrian Grand Prix,PIA,McLaren,37,2,12,HARD,70.176,6,46.4,29.4,45.2,124,2.252,10,69.516,0.659999999999997,0.417744916820702
2024,Austrian Grand Prix,PIA,McLaren,38,2,13,HARD,70.401,6,46.4,29.4,43.4,125,2.47699999999999,11,69.516,0.884999999999991,0.401109057301294
2024,Austrian Grand Prix,PIA,McLaren,39,2,14,HARD,70.57,6,46.4,29.4,41.6,126,2.64599999999999,12,69.516,1.05399999999999,0.384473197781885
2024,Austrian Grand Prix,PIA,McLaren,40,2,15,HARD,70.649,6,46.4,29.4,39.8,127,2.72499999999999,13,69.516,1.133,0.367837338262477
2024,Austrian Grand Prix,PIA,McLaren,41,2,16,HARD,70.729,6,46.4,29.4,38,128,2.80499999999999,14,69.516,1.21299999999999,0.351201478743068
2024,Austrian Grand Prix,PIA,McLaren,42,2,17,HARD,71.252,6,46.4,29.4,36.2,129,3.32799999999999,15,69.516,1.73599999999999,0.33456561922366
2024,Austrian Grand Prix,PIA,McLaren,43,2,18,HARD,70.772,6,46.4,29.4,34.4,130,2.848,16,69.516,1.256,0.317929759704251
2024,Austrian Grand Prix,PIA,McLaren,44,2,19,HARD,71.217,6,46.4,29.4,32.6,131,3.29299999999999,17,69.516,1.70099999999999,0.301293900184843
2024,Austrian Grand Prix,PIA,McLaren,45,2,20,HARD,70.617,6,46.4,29.4,30.8,132,2.693,18,69.516,1.101,0.284658040665434
2024,Austrian Grand Prix,PIA,McLaren,46,2,21,HARD,70.562,6,46.4,29.4,29,133,2.63799999999999,19,69.516,1.04599999999999,0.268022181146026
2024,Austrian Grand Prix,PIA,McLaren,47,2,22,HARD,71.024,4,46.4,29.4,27.2,134,3.09999999999999,20,69.516,1.508,0.251386321626617
2024,Austrian Grand Prix,PIA,McLaren,48,2,23,HARD,70.578,3,46.4,29.4,25.4,135,2.654,21,69.516,1.062,0.234750462107209
2024,Austrian Grand Prix,PIA,McLaren,49,2,24,HARD,70.661,3,46.4,29.4,23.6,136,2.73699999999999,22,69.516,1.145,0.2181146025878
2024,Austrian Grand Prix,PIA,McLaren,54,3,3,MEDIUM,69.014,5,46.4,29.4,14.6,137,1.08999999999999,1,68.697,0.316999999999993,0.134935304990758
2024,Austrian Grand Prix,PIA,McLaren,55,3,4,MEDIUM,68.837,5,46.4,29.4,12.8,138,0.912999999999997,2,68.697,0.140000000000001,0.118299445471349
2024,Austrian Grand Prix,PIA,McLaren,56,3,5,MEDIUM,68.697,5,46.4,29.4,11,139,0.772999999999996,3,68.697,0,0.101663585951941
2024,Austrian Grand Prix,PIA,McLaren,57,3,6,MEDIUM,69.048,5,46.4,29.4,9.2,140,1.124,4,68.697,0.350999999999999,0.0850277264325323
2024,Austrian Grand Prix,PIA,McLaren,58,3,7,MEDIUM,69.441,5,46.4,29.4,7.4,141,1.517,5,68.697,0.744,0.0683918669131238
2024,Austrian Grand Prix,PIA,McLaren,59,3,8,MEDIUM,69.627,5,46.4,29.4,5.6,142,1.70299999999999,6,68.697,0.929999999999993,0.0517560073937153
2024,Austrian Grand Prix,PIA,McLaren,60,3,9,MEDIUM,69.616,5,46.4,29.4,3.8,143,1.69199999999999,7,68.697,0.918999999999997,0.0351201478743068
2024,Austrian Grand Prix,PIA,McLaren,61,3,10,MEDIUM,69.487,5,46.4,29.4,2,144,1.56299999999999,8,68.697,0.789999999999992,0.0184842883548983
2024,Austrian Grand Prix,PIA,McLaren,62,3,11,MEDIUM,69.634,5,46.4,29.4,0.2,145,1.70999999999999,9,68.697,0.936999999999998,0.00184842883548983
2024,Austrian Grand Prix,PIA,McLaren,63,3,12,MEDIUM,69.986,5,46.4,29.4,0,146,2.062,10,68.697,1.289,0
2024,Austrian Grand Prix,PIA,McLaren,65,3,14,MEDIUM,70.14,2,46.4,29.4,0,147,2.21599999999999,11,68.697,1.443,0
2024,Austrian Grand Prix,PIA,McLaren,67,3,16,MEDIUM,69.532,2,46.4,29.4,0,148,1.60799999999999,12,68.697,0.834999999999994,0
2024,Austrian Grand Prix,PIA,McLaren,68,3,17,MEDIUM,69.241,2,46.4,29.4,0,149,1.31699999999999,13,68.697,0.543999999999997,0
2024,Austrian Grand Prix,PIA,McLaren,69,3,18,MEDIUM,69.159,2,46.4,29.4,0,150,1.235,14,68.697,0.462000000000003,0
2024,Austrian Grand Prix,PIA,McLaren,70,3,19,MEDIUM,69.989,2,46.4,29.4,0,151,2.065,15,68.697,1.292,0
2024,Austrian Grand Prix,PIA,McLaren,71,3,20,MEDIUM,69.668,2,46.4,29.4,0,152,1.744,16,68.697,0.971000000000004,0
2024,Azerbaijan Grand Prix,PIA,McLaren,2,1,2,MEDIUM,108.944,2,44.3,26.7,108.2,153,1.884,1,108.07,0.874000000000009,1
2024,Azerbaijan Grand Prix,PIA,McLaren,3,1,3,MEDIUM,108.811,2,44.3,26.7,106.4,154,1.751,2,108.07,0.741000000000014,0.983364140480592
2024,Azerbaijan Grand Prix,PIA,McLaren,4,1,4,MEDIUM,108.408,2,44.3,26.7,104.6,155,1.348,3,108.07,0.338000000000008,0.966728280961183
2024,Azerbaijan Grand Prix,PIA,McLaren,5,1,5,MEDIUM,108.07,2,44.3,26.7,102.8,156,1.00999999999999,4,108.07,0,0.950092421441774
2024,Azerbaijan Grand Prix,PIA,McLaren,6,1,6,MEDIUM,108.848,2,44.3,26.7,101,157,1.788,5,108.07,0.778000000000006,0.933456561922366
2024,Azerbaijan Grand Prix,PIA,McLaren,7,1,7,MEDIUM,108.755,2,44.3,26.7,99.2,158,1.69499999999999,6,108.07,0.685000000000002,0.916820702402958
2024,Azerbaijan Grand Prix,PIA,McLaren,8,1,8,MEDIUM,108.297,2,44.3,26.7,97.4,159,1.23699999999999,7,108.07,0.227000000000004,0.900184842883549
2024,Azerbaijan Grand Prix,PIA,McLaren,9,1,9,MEDIUM,108.225,2,44.3,26.7,95.6,160,1.16499999999999,8,108.07,0.155000000000001,0.88354898336414
2024,Azerbaijan Grand Prix,PIA,McLaren,10,1,10,MEDIUM,108.601,2,44.3,26.7,93.8,161,1.541,9,108.07,0.531000000000006,0.866913123844732
2024,Azerbaijan Grand Prix,PIA,McLaren,11,1,11,MEDIUM,108.304,2,44.3,26.7,92,162,1.244,10,108.07,0.234000000000009,0.850277264325323
2024,Azerbaijan Grand Prix,PIA,McLaren,12,1,12,MEDIUM,108.948,2,44.3,26.7,90.2,163,1.88799999999999,11,108.07,0.878,0.833641404805915
2024,Azerbaijan Grand Prix,PIA,McLaren,13,1,13,MEDIUM,109.194,2,44.3,26.7,88.4,164,2.134,12,108.07,1.12400000000001,0.817005545286506
2024,Azerbaijan Grand Prix,PIA,McLaren,18,2,3,HARD,107.817,2,44.3,26.7,79.4,165,0.756999999999991,1,107.06,0.756999999999991,0.733826247689464
2024,Azerbaijan Grand Prix,PIA,McLaren,19,2,4,HARD,107.465,2,44.3,26.7,77.6,166,0.405000000000001,2,107.06,0.405000000000001,0.717190388170055
2024,Azerbaijan Grand Prix,PIA,McLaren,20,2,5,HARD,108.866,1,44.3,26.7,75.8,167,1.806,3,107.06,1.806,0.700554528650647
2024,Azerbaijan Grand Prix,PIA,McLaren,21,2,6,HARD,107.854,1,44.3,26.7,74,168,0.793999999999997,4,107.06,0.793999999999997,0.683918669131238
2024,Azerbaijan Grand Prix,PIA,McLaren,22,2,7,HARD,107.751,1,44.3,26.7,72.2,169,0.691000000000003,5,107.06,0.691000000000003,0.66728280961183
2024,Azerbaijan Grand Prix,PIA,McLaren,23,2,8,HARD,107.481,1,44.3,26.7,70.4,170,0.420999999999992,6,107.06,0.420999999999992,0.650646950092421
2024,Azerbaijan Grand Prix,PIA,McLaren,24,2,9,HARD,107.066,1,44.3,26.7,68.6,171,0.00600000000000023,7,107.06,0.00600000000000023,0.634011090573013
2024,Azerbaijan Grand Prix,PIA,McLaren,25,2,10,HARD,107.408,1,44.3,26.7,66.8,172,0.347999999999999,8,107.06,0.347999999999999,0.617375231053604
2024,Azerbaijan Grand Prix,PIA,McLaren,26,2,11,HARD,107.528,1,44.3,26.7,65,173,0.468000000000004,9,107.06,0.468000000000004,0.600739371534196
2024,Azerbaijan Grand Prix,PIA,McLaren,27,2,12,HARD,107.368,1,44.3,26.7,63.2,174,0.307999999999993,10,107.06,0.307999999999993,0.584103512014787
2024,Azerbaijan Grand Prix,PIA,McLaren,28,2,13,HARD,107.558,1,44.3,26.7,61.4,175,0.498000000000005,11,107.06,0.498000000000005,0.567467652495379
2024,Azerbaijan Grand Prix,PIA,McLaren,29,2,14,HARD,107.601,1,44.3,26.7,59.6,176,0.540999999999997,12,107.06,0.540999999999997,0.55083179297597
2024,Azerbaijan Grand Prix,PIA,McLaren,30,2,15,HARD,107.661,1,44.3,26.7,57.8,177,0.600999999999999,13,107.06,0.600999999999999,0.534195933456562
2024,Azerbaijan Grand Prix,PIA,McLaren,31,2,16,HARD,107.923,1,44.3,26.7,56,178,0.863,14,107.06,0.863,0.517560073937153
2024,Azerbaijan Grand Prix,PIA,McLaren,32,2,17,HARD,108.135,1,44.3,26.7,54.2,179,1.075,15,107.06,1.075,0.500924214417745
2024,Azerbaijan Grand Prix,PIA,McLaren,33,2,18,HARD,108.436,1,44.3,26.7,52.4,180,1.376,16,107.06,1.376,0.484288354898336
2024,Azerbaijan Grand Prix,PIA,McLaren,34,2,19,HARD,107.927,1,44.3,26.7,50.6,181,0.867000000000004,17,107.06,0.867000000000004,0.467652495378928
2024,Azerbaijan Grand Prix,PIA,McLaren,35,2,20,HARD,107.821,1,44.3,26.7,48.8,182,0.760999999999996,18,107.06,0.760999999999996,0.451016635859519
2024,Azerbaijan Grand Prix,PIA,McLaren,37,2,22,HARD,107.857,1,44.3,26.7,45.2,183,0.796999999999997,19,107.06,0.796999999999997,0.417744916820702
2024,Azerbaijan Grand Prix,PIA,McLaren,38,2,23,HARD,107.682,1,44.3,26.7,43.4,184,0.622,20,107.06,0.622,0.401109057301294
2024,Azerbaijan Grand Prix,PIA,McLaren,39,2,24,HARD,107.776,1,44.3,26.7,41.6,185,0.715999999999994,21,107.06,0.715999999999994,0.384473197781885
2024,Azerbaijan Grand Prix,PIA,McLaren,40,2,25,HARD,107.721,1,44.3,26.7,39.8,186,0.661000000000001,22,107.06,0.661000000000001,0.367837338262477
2024,Azerbaijan Grand Prix,PIA,McLaren,41,2,26,HARD,107.875,1,44.3,26.7,38,187,0.814999999999998,23,107.06,0.814999999999998,0.351201478743068
2024,Azerbaijan Grand Prix,PIA,McLaren,42,2,27,HARD,107.688,1,44.3,26.7,36.2,188,0.628,24,107.06,0.628,0.33456561922366
2024,Azerbaijan Grand Prix,PIA,McLaren,43,2,28,HARD,107.616,1,44.3,26.7,34.4,189,0.555999999999997,25,107.06,0.555999999999997,0.317929759704251
2024,Azerbaijan Grand Prix,PIA,McLaren,44,2,29,HARD,107.365,1,44.3,26.7,32.6,190,0.304999999999993,26,107.06,0.304999999999993,0.301293900184843
2024,Azerbaijan Grand Prix,PIA,McLaren,45,2,30,HARD,107.727,1,44.3,26.7,30.8,191,0.667000000000002,27,107.06,0.667000000000002,0.284658040665434
2024,Azerbaijan Grand Prix,PIA,McLaren,46,2,31,HARD,107.269,1,44.3,26.7,29,192,0.209000000000003,28,107.06,0.209000000000003,0.268022181146026
2024,Azerbaijan Grand Prix,PIA,McLaren,47,2,32,HARD,107.06,1,44.3,26.7,27.2,193,0,29,107.06,0,0.251386321626617
2024,Azerbaijan Grand Prix,PIA,McLaren,48,2,33,HARD,107.488,1,44.3,26.7,25.4,194,0.427999999999997,30,107.06,0.427999999999997,0.234750462107209
2024,Azerbaijan Grand Prix,PIA,McLaren,49,2,34,HARD,107.547,1,44.3,26.7,23.6,195,0.486999999999995,31,107.06,0.486999999999995,0.2181146025878
2024,Bahrain Grand Prix,PIA,McLaren,2,1,5,SOFT,98.382,8,23.7,18.2,108.2,196,3.608,1,97.859,0.52300000000001,1
2024,Bahrain Grand Prix,PIA,McLaren,3,1,6,SOFT,98.258,8,23.7,18.2,106.4,197,3.48399999999999,2,97.859,0.399000000000001,0.983364140480592
2024,Bahrain Grand Prix,PIA,McLaren,4,1,7,SOFT,97.897,8,23.7,18.2,104.6,198,3.123,3,97.859,0.0380000000000109,0.966728280961183
2024,Bahrain Grand Prix,PIA,McLaren,5,1,8,SOFT,97.859,7,23.7,18.2,102.8,199,3.08499999999999,4,97.859,0,0.950092421441774
2024,Bahrain Grand Prix,PIA,McLaren,6,1,9,SOFT,97.955,7,23.7,18.2,101,200,3.181,5,97.859,0.0960000000000036,0.933456561922366
2024,Bahrain Grand Prix,PIA,McLaren,7,1,10,SOFT,97.984,7,23.7,18.2,99.2,201,3.20999999999999,6,97.859,0.125,0.916820702402958
2024,Bahrain Grand Prix,PIA,McLaren,8,1,11,SOFT,97.956,7,23.7,18.2,97.4,202,3.182,7,97.859,0.0970000000000084,0.900184842883549
2024,Bahrain Grand Prix,PIA,McLaren,9,1,12,SOFT,98.096,7,23.7,18.2,95.6,203,3.322,8,97.859,0.237000000000009,0.88354898336414
2024,Bahrain Grand Prix,PIA,McLaren,15,2,3,HARD,96.823,9,23.7,18.2,84.8,204,2.04899999999999,1,96.427,0.395999999999987,0.783733826247689
2024,Bahrain Grand Prix,PIA,McLaren,16,2,4,HARD,96.427,7,23.7,18.2,83,205,1.65300000000001,2,96.427,0,0.767097966728281
2024,Bahrain Grand Prix,PIA,McLaren,17,2,5,HARD,96.872,7,23.7,18.2,81.2,206,2.098,3,96.427,0.444999999999993,0.750462107208873
2024,Bahrain Grand Prix,PIA,McLaren,18,2,6,HARD,97.095,7,23.7,18.2,79.4,207,2.321,4,96.427,0.667999999999992,0.733826247689464
2024,Bahrain Grand Prix,PIA,McLaren,19,2,7,HARD,96.577,7,23.7,18.2,77.6,208,1.803,5,96.427,0.149999999999991,0.717190388170055
2024,Bahrain Grand Prix,PIA,McLaren,20,2,8,HARD,96.644,7,23.7,18.2,75.8,209,1.87,6,96.427,0.216999999999999,0.700554528650647
2024,Bahrain Grand Prix,PIA,McLaren,21,2,9,HARD,96.733,7,23.7,18.2,74,210,1.959,7,96.427,0.305999999999997,0.683918669131238
2024,Bahrain Grand Prix,PIA,McLaren,22,2,10,HARD,96.555,7,23.7,18.2,72.2,211,1.78100000000001,8,96.427,0.128,0.66728280961183
2024,Bahrain Grand Prix,PIA,McLaren,23,2,11,HARD,96.68,7,23.7,18.2,70.4,212,1.90600000000001,9,96.427,0.253,0.650646950092421
2024,Bahrain Grand Prix,PIA,McLaren,24,2,12,HARD,96.884,7,23.7,18.2,68.6,213,2.11,10,96.427,0.456999999999994,0.634011090573013
2024,Bahrain Grand Prix,PIA,McLaren,25,2,13,HARD,97.008,7,23.7,18.2,66.8,214,2.23399999999999,11,96.427,0.580999999999989,0.617375231053604
2024,Bahrain Grand Prix,PIA,McLaren,26,2,14,HARD,96.882,7,23.7,18.2,65,215,2.108,12,96.427,0.454999999999998,0.600739371534196
2024,Bahrain Grand Prix,PIA,McLaren,27,2,15,HARD,96.905,7,23.7,18.2,63.2,216,2.131,13,96.427,0.477999999999994,0.584103512014787
2024,Bahrain Grand Prix,PIA,McLaren,28,2,16,HARD,96.905,7,23.7,18.2,61.4,217,2.131,14,96.427,0.477999999999994,0.567467652495379
2024,Bahrain Grand Prix,PIA,McLaren,29,2,17,HARD,97.179,7,23.7,18.2,59.6,218,2.405,15,96.427,0.751999999999995,0.55083179297597
2024,Bahrain Grand Prix,PIA,McLaren,30,2,18,HARD,97.177,7,23.7,18.2,57.8,219,2.40300000000001,16,96.427,0.75,0.534195933456562
2024,Bahrain Grand Prix,PIA,McLaren,31,2,19,HARD,97.57,7,23.7,18.2,56,220,2.79599999999999,17,96.427,1.14299999999999,0.517560073937153
2024,Bahrain Grand Prix,PIA,McLaren,32,2,20,HARD,97.163,6,23.7,18.2,54.2,221,2.389,18,96.427,0.73599999999999,0.500924214417745
2024,Bahrain Grand Prix,PIA,McLaren,37,3,3,HARD,94.774,9,23.7,18.2,45.2,222,0,1,94.774,0,0.417744916820702
2024,Bahrain Grand Prix,PIA,McLaren,38,3,4,HARD,95.298,9,23.7,18.2,43.4,223,0.524000000000001,2,94.774,0.524000000000001,0.401109057301294
2024,Bahrain Grand Prix,PIA,McLaren,39,3,5,HARD,94.983,9,23.7,18.2,41.6,224,0.209000000000003,3,94.774,0.209000000000003,0.384473197781885
2024,Bahrain Grand Prix,PIA,McLaren,40,3,6,HARD,95.005,8,23.7,18.2,39.8,225,0.230999999999995,4,94.774,0.230999999999995,0.367837338262477
2024,Bahrain Grand Prix,PIA,McLaren,41,3,7,HARD,95.109,8,23.7,18.2,38,226,0.334999999999994,5,94.774,0.334999999999994,0.351201478743068
2024,Bahrain Grand Prix,PIA,McLaren,42,3,8,HARD,95.341,8,23.7,18.2,36.2,227,0.566999999999993,6,94.774,0.566999999999993,0.33456561922366
2024,Bahrain Grand Prix,PIA,McLaren,43,3,9,HARD,95.258,8,23.7,18.2,34.4,228,0.483999999999995,7,94.774,0.483999999999995,0.317929759704251
2024,Bahrain Grand Prix,PIA,McLaren,44,3,10,HARD,95.238,8,23.7,18.2,32.6,229,0.463999999999999,8,94.774,0.463999999999999,0.301293900184843
2024,Bahrain Grand Prix,PIA,McLaren,45,3,11,HARD,95.306,8,23.7,18.2,30.8,230,0.531999999999996,9,94.774,0.531999999999996,0.284658040665434
2024,Bahrain Grand Prix,PIA,McLaren,46,3,12,HARD,95.296,8,23.7,18.2,29,231,0.522000000000006,10,94.774,0.522000000000006,0.268022181146026
2024,Bahrain Grand Prix,PIA,McLaren,47,3,13,HARD,95.376,8,23.7,18.2,27.2,232,0.602000000000004,11,94.774,0.602000000000004,0.251386321626617
2024,Bahrain Grand Prix,PIA,McLaren,48,3,14,HARD,95.702,8,23.7,18.2,25.4,233,0.927999999999997,12,94.774,0.927999999999997,0.234750462107209
2024,Bahrain Grand Prix,PIA,McLaren,49,3,15,HARD,95.653,8,23.7,18.2,23.6,234,0.879000000000005,13,94.774,0.879000000000005,0.2181146025878
2024,Bahrain Grand Prix,PIA,McLaren,50,3,16,HARD,95.984,8,23.7,18.2,21.8,235,1.20999999999999,14,94.774,1.20999999999999,0.201478743068392
2024,Bahrain Grand Prix,PIA,McLaren,51,3,17,HARD,95.8,8,23.7,18.2,20,236,1.026,15,94.774,1.026,0.184842883548983
2024,Bahrain Grand Prix,PIA,McLaren,52,3,18,HARD,96.024,8,23.7,18.2,18.2,237,1.25,16,94.774,1.25,0.168207024029575
2024,Bahrain Grand Prix,PIA,McLaren,53,3,19,HARD,95.739,8,23.7,18.2,16.4,238,0.965000000000003,17,94.774,0.965000000000003,0.151571164510166
2024,Bahrain Grand Prix,PIA,McLaren,54,3,20,HARD,96.107,8,23.7,18.2,14.6,239,1.333,18,94.774,1.333,0.134935304990758
2024,Bahrain Grand Prix,PIA,McLaren,55,3,21,HARD,95.973,8,23.7,18.2,12.8,240,1.199,19,94.774,1.199,0.118299445471349
2024,Bahrain Grand Prix,PIA,McLaren,56,3,22,HARD,96.1,8,23.7,18.2,11,241,1.32599999999999,20,94.774,1.32599999999999,0.101663585951941
2024,Bahrain Grand Prix,PIA,McLaren,57,3,23,HARD,95.92,8,23.7,18.2,9.2,242,1.146,21,94.774,1.146,0.0850277264325323
2024,Belgian Grand Prix,PIA,McLaren,2,1,2,MEDIUM,110.164,4,42.3,21.3,108.2,243,4.458,1,109.847,0.317000000000007,1
2024,Belgian Grand Prix,PIA,McLaren,3,1,3,MEDIUM,109.971,4,42.3,21.3,106.4,244,4.265,2,109.847,0.124000000000009,0.983364140480592
2024,Belgian Grand Prix,PIA,McLaren,4,1,4,MEDIUM,109.847,4,42.3,21.3,104.6,245,4.14099999999999,3,109.847,0,0.966728280961183
2024,Belgian Grand Prix,PIA,McLaren,5,1,5,MEDIUM,110.085,4,42.3,21.3,102.8,246,4.37899999999999,4,109.847,0.238,0.950092421441774
2024,Belgian Grand Prix,PIA,McLaren,6,1,6,MEDIUM,109.963,4,42.3,21.3,101,247,4.25699999999999,5,109.847,0.116,0.933456561922366
2024,Belgian Grand Prix,PIA,McLaren,7,1,7,MEDIUM,110.03,4,42.3,21.3,99.2,248,4.324,6,109.847,0.183000000000007,0.916820702402958
2024,Belgian Grand Prix,PIA,McLaren,8,1,8,MEDIUM,110.062,4,42.3,21.3,97.4,249,4.35599999999999,7,109.847,0.215000000000003,0.900184842883549
2024,Belgian Grand Prix,PIA,McLaren,9,1,9,MEDIUM,110.481,4,42.3,21.3,95.6,250,4.77499999999999,8,109.847,0.634,0.88354898336414
2024,Belgian Grand Prix,PIA,McLaren,14,2,3,HARD,108.239,5,42.3,21.3,86.6,251,2.533,1,107.024,1.215,0.800369685767098
2024,Belgian Grand Prix,PIA,McLaren,16,2,5,HARD,108.355,4,42.3,21.3,83,252,2.649,2,107.024,1.331,0.767097966728281
2024,Belgian Grand Prix,PIA,McLaren,17,2,6,HARD,108.473,4,42.3,21.3,81.2,253,2.767,3,107.024,1.449,0.750462107208873
2024,Belgian Grand Prix,PIA,McLaren,18,2,7,HARD,108.153,4,42.3,21.3,79.4,254,2.447,4,107.024,1.129,0.733826247689464
2024,Belgian Grand Prix,PIA,McLaren,19,2,8,HARD,108.233,4,42.3,21.3,77.6,255,2.527,5,107.024,1.209,0.717190388170055
2024,Belgian Grand Prix,PIA,McLaren,20,2,9,HARD,108.175,4,42.3,21.3,75.8,256,2.46899999999999,6,107.024,1.151,0.700554528650647
2024,Belgian Grand Prix,PIA,McLaren,21,2,10,HARD,108.376,3,42.3,21.3,74,257,2.67,7,107.024,1.352,0.683918669131238
2024,Belgian Grand Prix,PIA,McLaren,22,2,11,HARD,108.179,3,42.3,21.3,72.2,258,2.473,8,107.024,1.155,0.66728280961183
2024,Belgian Grand Prix,PIA,McLaren,23,2,12,HARD,108.352,3,42.3,21.3,70.4,259,2.646,9,107.024,1.328,0.650646950092421
2024,Belgian Grand Prix,PIA,McLaren,24,2,13,HARD,108.163,3,42.3,21.3,68.6,260,2.45699999999999,10,107.024,1.139,0.634011090573013
2024,Belgian Grand Prix,PIA,McLaren,25,2,14,HARD,107.98,2,42.3,21.3,66.8,261,2.274,11,107.024,0.956000000000003,0.617375231053604
2024,Belgian Grand Prix,PIA,McLaren,26,2,15,HARD,107.519,2,42.3,21.3,65,262,1.813,12,107.024,0.495000000000005,0.600739371534196
2024,Belgian Grand Prix,PIA,McLaren,27,2,16,HARD,107.024,1,42.3,21.3,63.2,263,1.318,13,107.024,0,0.584103512014787
2024,Belgian Grand Prix,PIA,McLaren,28,2,17,HARD,107.609,1,42.3,21.3,61.4,264,1.90299999999999,14,107.024,0.584999999999994,0.567467652495379
2024,Belgian Grand Prix,PIA,McLaren,33,3,3,HARD,106.265,4,42.3,21.3,52.4,265,0.558999999999997,1,106.262,0.00300000000000011,0.484288354898336
2024,Belgian Grand Prix,PIA,McLaren,34,3,4,HARD,106.528,4,42.3,21.3,50.6,266,0.822000000000003,2,106.262,0.266000000000005,0.467652495378928
2024,Belgian Grand Prix,PIA,McLaren,35,3,5,HARD,108.312,4,42.3,21.3,48.8,267,2.60599999999999,3,106.262,2.05,0.451016635859519
2024,Belgian Grand Prix,PIA,McLaren,36,3,6,HARD,107.179,3,42.3,21.3,47,268,1.473,4,106.262,0.917000000000002,0.434380776340111
2024,Belgian Grand Prix,PIA,McLaren,37,3,7,HARD,107.136,3,42.3,21.3,45.2,269,1.42999999999999,5,106.262,0.873999999999995,0.417744916820702
2024,Belgian Grand Prix,PIA,McLaren,38,3,8,HARD,106.648,3,42.3,21.3,43.4,270,0.941999999999993,6,106.262,0.385999999999996,0.401109057301294
2024,Belgian Grand Prix,PIA,McLaren,39,3,9,HARD,106.445,3,42.3,21.3,41.6,271,0.73899999999999,7,106.262,0.182999999999993,0.384473197781885
2024,Belgian Grand Prix,PIA,McLaren,40,3,10,HARD,106.409,3,42.3,21.3,39.8,272,0.703000000000003,8,106.262,0.147000000000006,0.367837338262477
2024,Belgian Grand Prix,PIA,McLaren,41,3,11,HARD,106.39,3,42.3,21.3,38,273,0.683999999999997,9,106.262,0.128,0.351201478743068
2024,Belgian Grand Prix,PIA,McLaren,42,3,12,HARD,106.262,3,42.3,21.3,36.2,274,0.555999999999997,10,106.262,0,0.33456561922366
2024,Belgian Grand Prix,PIA,McLaren,43,3,13,HARD,106.621,3,42.3,21.3,34.4,275,0.914999999999992,11,106.262,0.358999999999995,0.317929759704251
2024,Belgian Grand Prix,PIA,McLaren,44,3,14,HARD,106.628,3,42.3,21.3,32.6,276,0.921999999999997,12,106.262,0.366,0.301293900184843
2024,British Grand Prix,PIA,McLaren,2,1,2,MEDIUM,92.361,5,27.7,15.8,108.2,277,3.613,1,90.976,1.38500000000001,1
2024,British Grand Prix,PIA,McLaren,3,1,3,MEDIUM,91.927,5,27.7,15.8,106.4,278,3.179,2,90.976,0.951000000000008,0.983364140480592
2024,British Grand Prix,PIA,McLaren,4,1,4,MEDIUM,91.919,5,27.7,15.8,104.6,279,3.17099999999999,3,90.976,0.942999999999998,0.966728280961183
2024,British Grand Prix,PIA,McLaren,5,1,5,MEDIUM,91.832,5,27.7,15.8,102.8,280,3.08399999999999,4,90.976,0.855999999999995,0.950092421441774
2024,British Grand Prix,PIA,McLaren,6,1,6,MEDIUM,92.062,5,27.7,15.8,101,281,3.31399999999999,5,90.976,1.086,0.933456561922366
2024,British Grand Prix,PIA,McLaren,7,1,7,MEDIUM,91.925,5,27.7,15.8,99.2,282,3.17699999999999,6,90.976,0.948999999999998,0.916820702402958
2024,British Grand Prix,PIA,McLaren,8,1,8,MEDIUM,91.994,5,27.7,15.8,97.4,283,3.246,7,90.976,1.018,0.900184842883549
2024,British Grand Prix,PIA,McLaren,9,1,9,MEDIUM,92,5,27.7,15.8,95.6,284,3.252,8,90.976,1.024,0.88354898336414
2024,British Grand Prix,PIA,McLaren,10,1,10,MEDIUM,91.811,5,27.7,15.8,93.8,285,3.063,9,90.976,0.835000000000008,0.866913123844732
2024,British Grand Prix,PIA,McLaren,11,1,11,MEDIUM,91.855,5,27.7,15.8,92,286,3.107,10,90.976,0.879000000000005,0.850277264325323
2024,British Grand Prix,PIA,McLaren,12,1,12,MEDIUM,91.663,5,27.7,15.8,90.2,287,2.91499999999999,11,90.976,0.686999999999998,0.833641404805915
2024,British Grand Prix,PIA,McLaren,13,1,13,MEDIUM,91.896,5,27.7,15.8,88.4,288,3.148,12,90.976,0.920000000000002,0.817005545286506
2024,British Grand Prix,PIA,McLaren,14,1,14,MEDIUM,91.697,5,27.7,15.8,86.6,289,2.949,13,90.976,0.721000000000004,0.800369685767098
2024,British Grand Prix,PIA,McLaren,15,1,15,MEDIUM,91.514,5,27.7,15.8,84.8,290,2.76599999999999,14,90.976,0.537999999999997,0.783733826247689
2024,British Grand Prix,PIA,McLaren,16,1,16,MEDIUM,92.118,5,27.7,15.8,83,291,3.36999999999999,15,90.976,1.142,0.767097966728281
2024,British Grand Prix,PIA,McLaren,17,1,17,MEDIUM,93.988,4,27.7,15.8,81.2,292,5.23999999999999,16,90.976,3.012,0.750462107208873
2024,British Grand Prix,PIA,McLaren,18,1,18,MEDIUM,94.269,4,27.7,15.8,79.4,293,5.521,17,90.976,3.29300000000001,0.733826247689464
2024,British Grand Prix,PIA,McLaren,19,1,19,MEDIUM,100.728,4,27.7,15.8,77.6,294,11.98,18,90.976,9.752,0.717190388170055
2024,British Grand Prix,PIA,McLaren,20,1,20,MEDIUM,97.348,2,27.7,15.8,75.8,295,8.59999999999999,19,90.976,6.372,0.700554528650647
2024,British Grand Prix,PIA,McLaren,21,1,21,MEDIUM,91.819,2,27.7,15.8,74,296,3.071,20,90.976,0.843000000000004,0.683918669131238
2024,British Grand Prix,PIA,McLaren,22,1,22,MEDIUM,91.169,2,27.7,15.8,72.2,297,2.42099999999999,21,90.976,0.192999999999998,0.66728280961183
2024,British Grand Prix,PIA,McLaren,23,1,23,MEDIUM,90.976,2,27.7,15.8,70.4,298,2.22799999999999,22,90.976,0,0.650646950092421
2024,British Grand Prix,PIA,McLaren,24,1,24,MEDIUM,91.392,2,27.7,15.8,68.6,299,2.64399999999999,23,90.976,0.415999999999997,0.634011090573013
2024,British Grand Prix,PIA,McLaren,25,1,25,MEDIUM,94.271,2,27.7,15.8,66.8,300,5.523,24,90.976,3.295,0.617375231053604
2024,British Grand Prix,PIA,McLaren,26,1,26,MEDIUM,100.622,2,27.7,15.8,65,301,11.874,25,90.976,9.646,0.600739371534196
2024,British Grand Prix,PIA,McLaren,41,3,3,MEDIUM,89.574,4,27.7,15.8,38,302,0.825999999999993,1,88.748,0.825999999999993,0.351201478743068
2024,British Grand Prix,PIA,McLaren,42,3,4,MEDIUM,89.581,4,27.7,15.8,36.2,303,0.832999999999998,2,88.748,0.832999999999998,0.33456561922366
2024,British Grand Prix,PIA,McLaren,43,3,5,MEDIUM,89.286,4,27.7,15.8,34.4,304,0.537999999999997,3,88.748,0.537999999999997,0.317929759704251
2024,British Grand Prix,PIA,McLaren,44,3,6,MEDIUM,89.221,4,27.7,15.8,32.6,305,0.472999999999999,4,88.748,0.472999999999999,0.301293900184843
2024,British Grand Prix,PIA,McLaren,45,3,7,MEDIUM,89.222,4,27.7,15.8,30.8,306,0.47399999999999,5,88.748,0.47399999999999,0.284658040665434
2024,British Grand Prix,PIA,McLaren,46,3,8,MEDIUM,89.233,4,27.7,15.8,29,307,0.484999999999999,6,88.748,0.484999999999999,0.268022181146026
2024,British Grand Prix,PIA,McLaren,47,3,9,MEDIUM,89.049,4,27.7,15.8,27.2,308,0.301000000000002,7,88.748,0.301000000000002,0.251386321626617
2024,British Grand Prix,PIA,McLaren,48,3,10,MEDIUM,89.124,4,27.7,15.8,25.4,309,0.375999999999991,8,88.748,0.375999999999991,0.234750462107209
2024,British Grand Prix,PIA,McLaren,49,3,11,MEDIUM,89.283,4,27.7,15.8,23.6,310,0.534999999999997,9,88.748,0.534999999999997,0.2181146025878
2024,British Grand Prix,PIA,McLaren,50,3,12,MEDIUM,89.958,4,27.7,15.8,21.8,311,1.20999999999999,10,88.748,1.20999999999999,0.201478743068392
2024,British Grand Prix,PIA,McLaren,51,3,13,MEDIUM,88.748,4,27.7,15.8,20,312,0,11,88.748,0,0.184842883548983
2024,British Grand Prix,PIA,McLaren,52,3,14,MEDIUM,89.928,4,27.7,15.8,18.2,313,1.17999999999999,12,88.748,1.17999999999999,0.168207024029575
2024,Canadian Grand Prix,PIA,McLaren,46,3,2,MEDIUM,83.49,4,24.6,17.8,29,314,9.235,1,76.247,7.24299999999999,0.268022181146026
2024,Canadian Grand Prix,PIA,McLaren,47,3,3,MEDIUM,81.898,4,24.6,17.8,27.2,315,7.643,2,76.247,5.651,0.251386321626617
2024,Canadian Grand Prix,PIA,McLaren,48,3,4,MEDIUM,81.014,4,24.6,17.8,25.4,316,6.759,3,76.247,4.767,0.234750462107209
2024,Canadian Grand Prix,PIA,McLaren,50,3,6,MEDIUM,79.98,4,24.6,17.8,21.8,317,5.72500000000001,4,76.247,3.733,0.201478743068392
2024,Canadian Grand Prix,PIA,McLaren,51,3,7,MEDIUM,78.633,4,24.6,17.8,20,318,4.378,5,76.247,2.386,0.184842883548983
2024,Canadian Grand Prix,PIA,McLaren,59,3,15,MEDIUM,79.586,3,24.6,17.8,5.6,319,5.331,6,76.247,3.339,0.0517560073937153
2024,Canadian Grand Prix,PIA,McLaren,60,3,16,MEDIUM,77.239,3,24.6,17.8,3.8,320,2.98400000000001,7,76.247,0.992000000000004,0.0351201478743068
2024,Canadian Grand Prix,PIA,McLaren,61,3,17,MEDIUM,76.853,3,24.6,17.8,2,321,2.598,8,76.247,0.605999999999995,0.0184842883548983
2024,Canadian Grand Prix,PIA,McLaren,62,3,18,MEDIUM,76.967,3,24.6,17.8,0.2,322,2.712,9,76.247,0.719999999999999,0.00184842883548983
2024,Canadian Grand Prix,PIA,McLaren,63,3,19,MEDIUM,77.279,3,24.6,17.8,0,323,3.024,10,76.247,1.032,0
2024,Canadian Grand Prix,PIA,McLaren,64,3,20,MEDIUM,76.83,3,24.6,17.8,0,324,2.575,11,76.247,0.582999999999998,0
2024,Canadian Grand Prix,PIA,McLaren,65,3,21,MEDIUM,76.247,4,24.6,17.8,0,325,1.992,12,76.247,0,0
2024,Canadian Grand Prix,PIA,McLaren,68,3,24,MEDIUM,76.344,5,24.6,17.8,0,326,2.089,13,76.247,0.0969999999999942,0
2024,Canadian Grand Prix,PIA,McLaren,69,3,25,MEDIUM,76.66,5,24.6,17.8,0,327,2.405,14,76.247,0.412999999999997,0
2024,Canadian Grand Prix,PIA,McLaren,70,3,26,MEDIUM,76.253,5,24.6,17.8,0,328,1.998,15,76.247,0.00600000000000023,0
2024,Chinese Grand Prix,PIA,McLaren,2,1,2,MEDIUM,101.607,5,29.8,18.6,108.2,329,6.087,1,101.607,0,1
2024,Chinese Grand Prix,PIA,McLaren,3,1,3,MEDIUM,101.754,5,29.8,18.6,106.4,330,6.23400000000001,2,101.607,0.147000000000006,0.983364140480592
2024,Chinese Grand Prix,PIA,McLaren,4,1,4,MEDIUM,102.247,5,29.8,18.6,104.6,331,6.727,3,101.607,0.640000000000001,0.966728280961183
2024,Chinese Grand Prix,PIA,McLaren,5,1,5,MEDIUM,102.227,5,29.8,18.6,102.8,332,6.70700000000001,4,101.607,0.620000000000005,0.950092421441774
2024,Chinese Grand Prix,PIA,McLaren,6,1,6,MEDIUM,102.608,5,29.8,18.6,101,333,7.08800000000001,5,101.607,1.001,0.933456561922366
2024,Chinese Grand Prix,PIA,McLaren,7,1,7,MEDIUM,102.376,5,29.8,18.6,99.2,334,6.85600000000001,6,101.607,0.769000000000005,0.916820702402958
2024,Chinese Grand Prix,PIA,McLaren,8,1,8,MEDIUM,102.627,5,29.8,18.6,97.4,335,7.107,7,101.607,1.02,0.900184842883549
2024,Chinese Grand Prix,PIA,McLaren,9,1,9,MEDIUM,102.976,5,29.8,18.6,95.6,336,7.456,8,101.607,1.369,0.88354898336414
2024,Chinese Grand Prix,PIA,McLaren,10,1,10,MEDIUM,102.658,5,29.8,18.6,93.8,337,7.13800000000001,9,101.607,1.051,0.866913123844732
2024,Chinese Grand Prix,PIA,McLaren,11,1,11,MEDIUM,103.456,5,29.8,18.6,92,338,7.93600000000001,10,101.607,1.849,0.850277264325323
2024,Chinese Grand Prix,PIA,McLaren,12,1,12,MEDIUM,102.975,5,29.8,18.6,90.2,339,7.455,11,101.607,1.36799999999999,0.833641404805915
2024,Chinese Grand Prix,PIA,McLaren,13,1,13,MEDIUM,102.871,5,29.8,18.6,88.4,340,7.351,12,101.607,1.264,0.817005545286506
2024,Chinese Grand Prix,PIA,McLaren,14,1,14,MEDIUM,103.139,4,29.8,18.6,86.6,341,7.619,13,101.607,1.532,0.800369685767098
2024,Chinese Grand Prix,PIA,McLaren,33,3,9,HARD,100.725,8,29.8,18.6,52.4,342,5.205,1,100.397,0.327999999999989,0.484288354898336
2024,Chinese Grand Prix,PIA,McLaren,34,3,10,HARD,100.748,8,29.8,18.6,50.6,343,5.22800000000001,2,100.397,0.350999999999999,0.467652495378928
2024,Chinese Grand Prix,PIA,McLaren,35,3,11,HARD,100.397,8,29.8,18.6,48.8,344,4.87700000000001,3,100.397,0,0.451016635859519
2024,Chinese Grand Prix,PIA,McLaren,36,3,12,HARD,101.5,8,29.8,18.6,47,345,5.98,4,100.397,1.10299999999999,0.434380776340111
2024,Chinese Grand Prix,PIA,McLaren,37,3,13,HARD,101.45,8,29.8,18.6,45.2,346,5.93000000000001,5,100.397,1.053,0.417744916820702
2024,Chinese Grand Prix,PIA,McLaren,38,3,14,HARD,100.946,8,29.8,18.6,43.4,347,5.426,6,100.397,0.548999999999992,0.401109057301294
2024,Chinese Grand Prix,PIA,McLaren,39,3,15,HARD,101.496,8,29.8,18.6,41.6,348,5.976,7,100.397,1.09899999999999,0.384473197781885
2024,Chinese Grand Prix,PIA,McLaren,40,3,16,HARD,101.119,8,29.8,18.6,39.8,349,5.599,8,100.397,0.721999999999994,0.367837338262477
2024,Chinese Grand Prix,PIA,McLaren,41,3,17,HARD,101.621,8,29.8,18.6,38,350,6.101,9,100.397,1.22399999999999,0.351201478743068
2024,Chinese Grand Prix,PIA,McLaren,42,3,18,HARD,101.01,8,29.8,18.6,36.2,351,5.49000000000001,10,100.397,0.613,0.33456561922366
2024,Chinese Grand Prix,PIA,McLaren,43,3,19,HARD,100.876,8,29.8,18.6,34.4,352,5.35600000000001,11,100.397,0.478999999999999,0.317929759704251
2024,Chinese Grand Prix,PIA,McLaren,44,3,20,HARD,101.004,7,29.8,18.6,32.6,353,5.48400000000001,12,100.397,0.606999999999999,0.301293900184843
2024,Chinese Grand Prix,PIA,McLaren,45,3,21,HARD,101.301,7,29.8,18.6,30.8,354,5.78100000000001,13,100.397,0.903999999999996,0.284658040665434
2024,Chinese Grand Prix,PIA,McLaren,46,3,22,HARD,101.294,7,29.8,18.6,29,355,5.774,14,100.397,0.896999999999991,0.268022181146026
2024,Chinese Grand Prix,PIA,McLaren,47,3,23,HARD,101.45,7,29.8,18.6,27.2,356,5.93000000000001,15,100.397,1.053,0.251386321626617
2024,Chinese Grand Prix,PIA,McLaren,48,3,24,HARD,101.437,7,29.8,18.6,25.4,357,5.917,16,100.397,1.03999999999999,0.234750462107209
2024,Chinese Grand Prix,PIA,McLaren,49,3,25,HARD,102.046,8,29.8,18.6,23.6,358,6.52600000000001,17,100.397,1.649,0.2181146025878
2024,Chinese Grand Prix,PIA,McLaren,50,3,26,HARD,101.297,8,29.8,18.6,21.8,359,5.777,18,100.397,0.899999999999991,0.201478743068392
2024,Chinese Grand Prix,PIA,McLaren,51,3,27,HARD,101.331,8,29.8,18.6,20,360,5.81100000000001,19,100.397,0.933999999999997,0.184842883548983
2024,Chinese Grand Prix,PIA,McLaren,52,3,28,HARD,101.602,8,29.8,18.6,18.2,361,6.08200000000001,20,100.397,1.205,0.168207024029575
2024,Chinese Grand Prix,PIA,McLaren,53,3,29,HARD,101.471,8,29.8,18.6,16.4,362,5.95100000000001,21,100.397,1.074,0.151571164510166
2024,Chinese Grand Prix,PIA,McLaren,54,3,30,HARD,101.647,8,29.8,18.6,14.6,363,6.12700000000001,22,100.397,1.25,0.134935304990758
2024,Chinese Grand Prix,PIA,McLaren,55,3,31,HARD,101.45,8,29.8,18.6,12.8,364,5.93000000000001,23,100.397,1.053,0.118299445471349
2024,Chinese Grand Prix,PIA,McLaren,56,3,32,HARD,101.61,8,29.8,18.6,11,365,6.09,24,100.397,1.21299999999999,0.101663585951941
2024,Dutch Grand Prix,PIA,McLaren,2,1,2,MEDIUM,76.24,4,30.8,19,108.2,366,2.003,1,75.932,0.307999999999993,1
2024,Dutch Grand Prix,PIA,McLaren,3,1,3,MEDIUM,76.264,4,30.8,19,106.4,367,2.027,2,75.932,0.331999999999994,0.983364140480592
2024,Dutch Grand Prix,PIA,McLaren,4,1,4,MEDIUM,76.678,4,30.8,19,104.6,368,2.441,3,75.932,0.745999999999995,0.966728280961183
2024,Dutch Grand Prix,PIA,McLaren,5,1,5,MEDIUM,76.76,4,30.8,19,102.8,369,2.52300000000001,4,75.932,0.828000000000003,0.950092421441774
2024,Dutch Grand Prix,PIA,McLaren,6,1,6,MEDIUM,76.528,4,30.8,19,101,370,2.29100000000001,5,75.932,0.596000000000004,0.933456561922366
2024,Dutch Grand Prix,PIA,McLaren,7,1,7,MEDIUM,76.954,4,30.8,19,99.2,371,2.717,6,75.932,1.02199999999999,0.916820702402958
2024,Dutch Grand Prix,PIA,McLaren,8,1,8,MEDIUM,76.659,4,30.8,19,97.4,372,2.42200000000001,7,75.932,0.727000000000004,0.900184842883549
2024,Dutch Grand Prix,PIA,McLaren,9,1,9,MEDIUM,76.817,4,30.8,19,95.6,373,2.58,8,75.932,0.884999999999991,0.88354898336414
2024,Dutch Grand Prix,PIA,McLaren,10,1,10,MEDIUM,76.512,4,30.8,19,93.8,374,2.27500000000001,9,75.932,0.579999999999998,0.866913123844732
2024,Dutch Grand Prix,PIA,McLaren,11,1,11,MEDIUM,76.52,4,30.8,19,92,375,2.283,10,75.932,0.587999999999994,0.850277264325323
2024,Dutch Grand Prix,PIA,McLaren,12,1,12,MEDIUM,76.463,4,30.8,19,90.2,376,2.226,11,75.932,0.530999999999992,0.833641404805915
2024,Dutch Grand Prix,PIA,McLaren,13,1,13,MEDIUM,76.514,4,30.8,19,88.4,377,2.277,12,75.932,0.581999999999994,0.817005545286506
2024,Dutch Grand Prix,PIA,McLaren,14,1,14,MEDIUM,76.471,4,30.8,19,86.6,378,2.23400000000001,13,75.932,0.539000000000001,0.800369685767098
2024,Dutch Grand Prix,PIA,McLaren,15,1,15,MEDIUM,76.382,4,30.8,19,84.8,379,2.14500000000001,14,75.932,0.450000000000003,0.783733826247689
2024,Dutch Grand Prix,PIA,McLaren,16,1,16,MEDIUM,76.384,4,30.8,19,83,380,2.14700000000001,15,75.932,0.451999999999998,0.767097966728281
2024,Dutch Grand Prix,PIA,McLaren,17,1,17,MEDIUM,76.348,4,30.8,19,81.2,381,2.111,16,75.932,0.415999999999997,0.750462107208873
2024,Dutch Grand Prix,PIA,McLaren,18,1,18,MEDIUM,76.493,4,30.8,19,79.4,382,2.256,17,75.932,0.560999999999993,0.733826247689464
2024,Dutch Grand Prix,PIA,McLaren,19,1,19,MEDIUM,76.515,4,30.8,19,77.6,383,2.27800000000001,18,75.932,0.582999999999998,0.717190388170055
2024,Dutch Grand Prix,PIA,McLaren,20,1,20,MEDIUM,76.331,4,30.8,19,75.8,384,2.09400000000001,19,75.932,0.399000000000001,0.700554528650647
2024,Dutch Grand Prix,PIA,McLaren,21,1,21,MEDIUM,76.534,4,30.8,19,74,385,2.29700000000001,20,75.932,0.602000000000004,0.683918669131238
2024,Dutch Grand Prix,PIA,McLaren,22,1,22,MEDIUM,76.847,4,30.8,19,72.2,386,2.61,21,75.932,0.914999999999992,0.66728280961183
2024,Dutch Grand Prix,PIA,McLaren,23,1,23,MEDIUM,76.723,4,30.8,19,70.4,387,2.486,22,75.932,0.790999999999997,0.650646950092421
2024,Dutch Grand Prix,PIA,McLaren,24,1,24,MEDIUM,76.798,4,30.8,19,68.6,388,2.56100000000001,23,75.932,0.866,0.634011090573013
2024,Dutch Grand Prix,PIA,McLaren,25,1,25,MEDIUM,76.408,3,30.8,19,66.8,389,2.17100000000001,24,75.932,0.475999999999999,0.617375231053604
2024,Dutch Grand Prix,PIA,McLaren,26,1,26,MEDIUM,76.062,3,30.8,19,65,390,1.825,25,75.932,0.129999999999995,0.600739371534196
2024,Dutch Grand Prix,PIA,McLaren,27,1,27,MEDIUM,75.937,3,30.8,19,63.2,391,1.7,26,75.932,0.00499999999999545,0.584103512014787
2024,Dutch Grand Prix,PIA,McLaren,28,1,28,MEDIUM,75.932,2,30.8,19,61.4,392,1.69500000000001,27,75.932,0,0.567467652495379
2024,Dutch Grand Prix,PIA,McLaren,29,1,29,MEDIUM,76.067,1,30.8,19,59.6,393,1.83,28,75.932,0.134999999999991,0.55083179297597
2024,Dutch Grand Prix,PIA,McLaren,30,1,30,MEDIUM,76.089,1,30.8,19,57.8,394,1.852,29,75.932,0.156999999999996,0.534195933456562
2024,Dutch Grand Prix,PIA,McLaren,31,1,31,MEDIUM,76.582,1,30.8,19,56,395,2.345,30,75.932,0.649999999999991,0.517560073937153
2024,Dutch Grand Prix,PIA,McLaren,36,2,3,HARD,74.237,5,30.8,19,47,396,0,1,74.237,0,0.434380776340111
2024,Dutch Grand Prix,PIA,McLaren,37,2,4,HARD,74.308,5,30.8,19,45.2,397,0.0710000000000122,2,74.237,0.0710000000000122,0.417744916820702
2024,Dutch Grand Prix,PIA,McLaren,38,2,5,HARD,74.491,5,30.8,19,43.4,398,0.254000000000005,3,74.237,0.254000000000005,0.401109057301294
2024,Dutch Grand Prix,PIA,McLaren,39,2,6,HARD,74.43,5,30.8,19,41.6,399,0.193000000000012,4,74.237,0.193000000000012,0.384473197781885
2024,Dutch Grand Prix,PIA,McLaren,40,2,7,HARD,74.613,4,30.8,19,39.8,400,0.376000000000005,5,74.237,0.376000000000005,0.367837338262477
2024,Dutch Grand Prix,PIA,McLaren,41,2,8,HARD,74.536,4,30.8,19,38,401,0.299000000000007,6,74.237,0.299000000000007,0.351201478743068
2024,Dutch Grand Prix,PIA,McLaren,42,2,9,HARD,74.44,4,30.8,19,36.2,402,0.203000000000003,7,74.237,0.203000000000003,0.33456561922366
2024,Dutch Grand Prix,PIA,McLaren,43,2,10,HARD,74.677,4,30.8,19,34.4,403,0.440000000000012,8,74.237,0.440000000000012,0.317929759704251
2024,Dutch Grand Prix,PIA,McLaren,44,2,11,HARD,74.564,4,30.8,19,32.6,404,0.326999999999998,9,74.237,0.326999999999998,0.301293900184843
2024,Dutch Grand Prix,PIA,McLaren,45,2,12,HARD,74.574,4,30.8,19,30.8,405,0.337000000000003,10,74.237,0.337000000000003,0.284658040665434
2024,Dutch Grand Prix,PIA,McLaren,46,2,13,HARD,74.597,4,30.8,19,29,406,0.359999999999999,11,74.237,0.359999999999999,0.268022181146026
2024,Dutch Grand Prix,PIA,McLaren,47,2,14,HARD,75.257,4,30.8,19,27.2,407,1.02000000000001,12,74.237,1.02000000000001,0.251386321626617
2024,Dutch Grand Prix,PIA,McLaren,48,2,15,HARD,75.154,4,30.8,19,25.4,408,0.917000000000002,13,74.237,0.917000000000002,0.234750462107209
2024,Dutch Grand Prix,PIA,McLaren,49,2,16,HARD,75.414,4,30.8,19,23.6,409,1.17700000000001,14,74.237,1.17700000000001,0.2181146025878
2024,Dutch Grand Prix,PIA,McLaren,50,2,17,HARD,75.325,4,30.8,19,21.8,410,1.08800000000001,15,74.237,1.08800000000001,0.201478743068392
2024,Dutch Grand Prix,PIA,McLaren,51,2,18,HARD,75.165,4,30.8,19,20,411,0.928000000000011,16,74.237,0.928000000000011,0.184842883548983
2024,Dutch Grand Prix,PIA,McLaren,52,2,19,HARD,75.116,4,30.8,19,18.2,412,0.879000000000005,17,74.237,0.879000000000005,0.168207024029575
2024,Dutch Grand Prix,PIA,McLaren,53,2,20,HARD,75.34,4,30.8,19,16.4,413,1.10300000000001,18,74.237,1.10300000000001,0.151571164510166
2024,Dutch Grand Prix,PIA,McLaren,54,2,21,HARD,75.002,4,30.8,19,14.6,414,0.765000000000001,19,74.237,0.765000000000001,0.134935304990758
2024,Dutch Grand Prix,PIA,McLaren,55,2,22,HARD,75.305,4,30.8,19,12.8,415,1.06800000000001,20,74.237,1.06800000000001,0.118299445471349
2024,Dutch Grand Prix,PIA,McLaren,56,2,23,HARD,75.079,4,30.8,19,11,416,0.841999999999999,21,74.237,0.841999999999999,0.101663585951941
2024,Dutch Grand Prix,PIA,McLaren,57,2,24,HARD,75.088,4,30.8,19,9.2,417,0.850999999999999,22,74.237,0.850999999999999,0.0850277264325323
2024,Dutch Grand Prix,PIA,McLaren,58,2,25,HARD,75.072,4,30.8,19,7.4,418,0.835000000000008,23,74.237,0.835000000000008,0.0683918669131238
2024,Dutch Grand Prix,PIA,McLaren,59,2,26,HARD,75.052,4,30.8,19,5.6,419,0.815000000000012,24,74.237,0.815000000000012,0.0517560073937153
2024,Dutch Grand Prix,PIA,McLaren,60,2,27,HARD,74.991,4,30.8,19,3.8,420,0.754000000000005,25,74.237,0.754000000000005,0.0351201478743068
2024,Dutch Grand Prix,PIA,McLaren,61,2,28,HARD,75.012,4,30.8,19,2,421,0.775000000000006,26,74.237,0.775000000000006,0.0184842883548983
2024,Dutch Grand Prix,PIA,McLaren,62,2,29,HARD,74.832,4,30.8,19,0.2,422,0.594999999999999,27,74.237,0.594999999999999,0.00184842883548983
2024,Dutch Grand Prix,PIA,McLaren,63,2,30,HARD,74.965,4,30.8,19,0,423,0.728000000000009,28,74.237,0.728000000000009,0
2024,Dutch Grand Prix,PIA,McLaren,64,2,31,HARD,74.932,4,30.8,19,0,424,0.695000000000007,29,74.237,0.695000000000007,0
2024,Dutch Grand Prix,PIA,McLaren,65,2,32,HARD,75.052,4,30.8,19,0,425,0.815000000000012,30,74.237,0.815000000000012,0
2024,Dutch Grand Prix,PIA,McLaren,66,2,33,HARD,74.639,4,30.8,19,0,426,0.402000000000001,31,74.237,0.402000000000001,0
2024,Dutch Grand Prix,PIA,McLaren,67,2,34,HARD,74.975,4,30.8,19,0,427,0.738,32,74.237,0.738,0
2024,Dutch Grand Prix,PIA,McLaren,68,2,35,HARD,74.777,4,30.8,19,0,428,0.540000000000006,33,74.237,0.540000000000006,0
2024,Dutch Grand Prix,PIA,McLaren,69,2,36,HARD,75.083,4,30.8,19,0,429,0.846000000000004,34,74.237,0.846000000000004,0
2024,Dutch Grand Prix,PIA,McLaren,70,2,37,HARD,75.014,4,30.8,19,0,430,0.777000000000001,35,74.237,0.777000000000001,0
2024,Dutch Grand Prix,PIA,McLaren,71,2,38,HARD,74.99,4,30.8,19,0,431,0.753,36,74.237,0.753,0
2024,Dutch Grand Prix,PIA,McLaren,72,2,39,HARD,75.092,4,30.8,19,0,432,0.855000000000004,37,74.237,0.855000000000004,0
2024,Emilia Romagna Grand Prix,PIA,McLaren,2,1,2,MEDIUM,81.311,5,42,25.1,108.2,433,2.417,1,80.808,0.503,1
2024,Emilia Romagna Grand Prix,PIA,McLaren,3,1,3,MEDIUM,80.808,5,42,25.1,106.4,434,1.914,2,80.808,0,0.983364140480592
2024,Emilia Romagna Grand Prix,PIA,McLaren,4,1,4,MEDIUM,81.377,5,42,25.1,104.6,435,2.48299999999999,3,80.808,0.568999999999988,0.966728280961183
2024,Emilia Romagna Grand Prix,PIA,McLaren,5,1,5,MEDIUM,81.269,5,42,25.1,102.8,436,2.375,4,80.808,0.460999999999999,0.950092421441774
2024,Emilia Romagna Grand Prix,PIA,McLaren,6,1,6,MEDIUM,81.307,5,42,25.1,101,437,2.413,5,80.808,0.498999999999995,0.933456561922366
2024,Emilia Romagna Grand Prix,PIA,McLaren,7,1,7,MEDIUM,81.08,5,42,25.1,99.2,438,2.18599999999999,6,80.808,0.271999999999991,0.916820702402958
2024,Emilia Romagna Grand Prix,PIA,McLaren,8,1,8,MEDIUM,81.523,5,42,25.1,97.4,439,2.62899999999999,7,80.808,0.714999999999989,0.900184842883549
2024,Emilia Romagna Grand Prix,PIA,McLaren,9,1,9,MEDIUM,81.508,5,42,25.1,95.6,440,2.61399999999999,8,80.808,0.699999999999989,0.88354898336414
2024,Emilia Romagna Grand Prix,PIA,McLaren,10,1,10,MEDIUM,81.586,5,42,25.1,93.8,441,2.69199999999999,9,80.808,0.777999999999992,0.866913123844732
2024,Emilia Romagna Grand Prix,PIA,McLaren,11,1,11,MEDIUM,81.191,5,42,25.1,92,442,2.297,10,80.808,0.382999999999996,0.850277264325323
2024,Emilia Romagna Grand Prix,PIA,McLaren,12,1,12,MEDIUM,82.11,5,42,25.1,90.2,443,3.21599999999999,11,80.808,1.30199999999999,0.833641404805915
2024,Emilia Romagna Grand Prix,PIA,McLaren,13,1,13,MEDIUM,81.888,5,42,25.1,88.4,444,2.994,12,80.808,1.08,0.817005545286506
2024,Emilia Romagna Grand Prix,PIA,McLaren,14,1,14,MEDIUM,81.653,5,42,25.1,86.6,445,2.759,13,80.808,0.844999999999999,0.800369685767098
2024,Emilia Romagna Grand Prix,PIA,McLaren,15,1,15,MEDIUM,81.679,5,42,25.1,84.8,446,2.785,14,80.808,0.870999999999995,0.783733826247689
2024,Emilia Romagna Grand Prix,PIA,McLaren,16,1,16,MEDIUM,81.734,5,42,25.1,83,447,2.83999999999999,15,80.808,0.925999999999988,0.767097966728281
2024,Emilia Romagna Grand Prix,PIA,McLaren,17,1,17,MEDIUM,81.912,5,42,25.1,81.2,448,3.018,16,80.808,1.104,0.750462107208873
2024,Emilia Romagna Grand Prix,PIA,McLaren,18,1,18,MEDIUM,81.867,5,42,25.1,79.4,449,2.973,17,80.808,1.059,0.733826247689464
2024,Emilia Romagna Grand Prix,PIA,McLaren,19,1,19,MEDIUM,82.042,5,42,25.1,77.6,450,3.148,18,80.808,1.23399999999999,0.717190388170055
2024,Emilia Romagna Grand Prix,PIA,McLaren,20,1,20,MEDIUM,81.853,5,42,25.1,75.8,451,2.95899999999999,19,80.808,1.04499999999999,0.700554528650647
2024,Emilia Romagna Grand Prix,PIA,McLaren,21,1,21,MEDIUM,82.212,5,42,25.1,74,452,3.318,20,80.808,1.404,0.683918669131238
2024,Emilia Romagna Grand Prix,PIA,McLaren,26,2,4,HARD,80.577,7,42,25.1,65,453,1.68299999999999,1,80.288,0.289000000000001,0.600739371534196
2024,Emilia Romagna Grand Prix,PIA,McLaren,27,2,5,HARD,80.785,6,42,25.1,63.2,454,1.89099999999999,2,80.288,0.497,0.584103512014787
2024,Emilia Romagna Grand Prix,PIA,McLaren,28,2,6,HARD,80.599,4,42,25.1,61.4,455,1.705,3,80.288,0.311000000000007,0.567467652495379
2024,Emilia Romagna Grand Prix,PIA,McLaren,29,2,7,HARD,80.313,4,42,25.1,59.6,456,1.419,4,80.288,0.0250000000000057,0.55083179297597
2024,Emilia Romagna Grand Prix,PIA,McLaren,30,2,8,HARD,80.578,4,42,25.1,57.8,457,1.684,5,80.288,0.290000000000006,0.534195933456562
2024,Emilia Romagna Grand Prix,PIA,McLaren,31,2,9,HARD,80.728,4,42,25.1,56,458,1.83399999999999,6,80.288,0.439999999999998,0.517560073937153
2024,Emilia Romagna Grand Prix,PIA,McLaren,32,2,10,HARD,80.839,4,42,25.1,54.2,459,1.94499999999999,7,80.288,0.551000000000002,0.500924214417745
2024,Emilia Romagna Grand Prix,PIA,McLaren,33,2,11,HARD,80.701,4,42,25.1,52.4,460,1.80699999999999,8,80.288,0.412999999999997,0.484288354898336
2024,Emilia Romagna Grand Prix,PIA,McLaren,34,2,12,HARD,80.96,4,42,25.1,50.6,461,2.06599999999999,9,80.288,0.671999999999997,0.467652495378928
2024,Emilia Romagna Grand Prix,PIA,McLaren,35,2,13,HARD,80.913,4,42,25.1,48.8,462,2.01899999999999,10,80.288,0.625,0.451016635859519
2024,Emilia Romagna Grand Prix,PIA,McLaren,36,2,14,HARD,80.684,4,42,25.1,47,463,1.78999999999999,11,80.288,0.396000000000001,0.434380776340111
2024,Emilia Romagna Grand Prix,PIA,McLaren,37,2,15,HARD,80.587,4,42,25.1,45.2,464,1.693,12,80.288,0.299000000000007,0.417744916820702
2024,Emilia Romagna Grand Prix,PIA,McLaren,38,2,16,HARD,80.499,4,42,25.1,43.4,465,1.60499999999999,13,80.288,0.210999999999999,0.401109057301294
2024,Emilia Romagna Grand Prix,PIA,McLaren,39,2,17,HARD,80.801,4,42,25.1,41.6,466,1.907,14,80.288,0.513000000000005,0.384473197781885
2024,Emilia Romagna Grand Prix,PIA,McLaren,40,2,18,HARD,81.001,4,42,25.1,39.8,467,2.107,15,80.288,0.713000000000008,0.367837338262477
2024,Emilia Romagna Grand Prix,PIA,McLaren,41,2,19,HARD,80.966,4,42,25.1,38,468,2.07199999999999,16,80.288,0.677999999999997,0.351201478743068
2024,Emilia Romagna Grand Prix,PIA,McLaren,42,2,20,HARD,81.122,4,42,25.1,36.2,469,2.22799999999999,17,80.288,0.834000000000003,0.33456561922366
2024,Emilia Romagna Grand Prix,PIA,McLaren,43,2,21,HARD,81.333,4,42,25.1,34.4,470,2.43899999999999,18,80.288,1.045,0.317929759704251
2024,Emilia Romagna Grand Prix,PIA,McLaren,44,2,22,HARD,80.843,4,42,25.1,32.6,471,1.949,19,80.288,0.555000000000007,0.301293900184843
2024,Emilia Romagna Grand Prix,PIA,McLaren,45,2,23,HARD,80.888,4,42,25.1,30.8,472,1.994,20,80.288,0.600000000000009,0.284658040665434
2024,Emilia Romagna Grand Prix,PIA,McLaren,46,2,24,HARD,81.038,4,42,25.1,29,473,2.14399999999999,21,80.288,0.75,0.268022181146026
2024,Emilia Romagna Grand Prix,PIA,McLaren,47,2,25,HARD,81.485,4,42,25.1,27.2,474,2.59099999999999,22,80.288,1.197,0.251386321626617
2024,Emilia Romagna Grand Prix,PIA,McLaren,48,2,26,HARD,81.416,4,42,25.1,25.4,475,2.52199999999999,23,80.288,1.128,0.234750462107209
2024,Emilia Romagna Grand Prix,PIA,McLaren,49,2,27,HARD,81.309,4,42,25.1,23.6,476,2.41499999999999,24,80.288,1.021,0.2181146025878
2024,Emilia Romagna Grand Prix,PIA,McLaren,50,2,28,HARD,80.979,4,42,25.1,21.8,477,2.08499999999999,25,80.288,0.691000000000003,0.201478743068392
2024,Emilia Romagna Grand Prix,PIA,McLaren,51,2,29,HARD,81.203,4,42,25.1,20,478,2.309,26,80.288,0.915000000000006,0.184842883548983
2024,Emilia Romagna Grand Prix,PIA,McLaren,52,2,30,HARD,80.777,4,42,25.1,18.2,479,1.883,27,80.288,0.489000000000004,0.168207024029575
2024,Emilia Romagna Grand Prix,PIA,McLaren,53,2,31,HARD,80.699,4,42,25.1,16.4,480,1.80499999999999,28,80.288,0.411000000000001,0.151571164510166
2024,Emilia Romagna Grand Prix,PIA,McLaren,54,2,32,HARD,80.413,4,42,25.1,14.6,481,1.51899999999999,29,80.288,0.125,0.134935304990758
2024,Emilia Romagna Grand Prix,PIA,McLaren,55,2,33,HARD,80.394,4,42,25.1,12.8,482,1.5,30,80.288,0.106000000000009,0.118299445471349
2024,Emilia Romagna Grand Prix,PIA,McLaren,56,2,34,HARD,80.44,4,42,25.1,11,483,1.54599999999999,31,80.288,0.152000000000001,0.101663585951941
2024,Emilia Romagna Grand Prix,PIA,McLaren,57,2,35,HARD,80.602,4,42,25.1,9.2,484,1.708,32,80.288,0.314000000000007,0.0850277264325323
2024,Emilia Romagna Grand Prix,PIA,McLaren,58,2,36,HARD,80.698,4,42,25.1,7.4,485,1.80399999999999,33,80.288,0.409999999999997,0.0683918669131238
2024,Emilia Romagna Grand Prix,PIA,McLaren,59,2,37,HARD,80.288,4,42,25.1,5.6,486,1.39399999999999,34,80.288,0,0.0517560073937153
2024,Emilia Romagna Grand Prix,PIA,McLaren,60,2,38,HARD,80.649,4,42,25.1,3.8,487,1.755,35,80.288,0.361000000000004,0.0351201478743068
2024,Emilia Romagna Grand Prix,PIA,McLaren,61,2,39,HARD,80.982,4,42,25.1,2,488,2.08799999999999,36,80.288,0.694000000000003,0.0184842883548983
2024,Emilia Romagna Grand Prix,PIA,McLaren,62,2,40,HARD,80.599,4,42,25.1,0.2,489,1.705,37,80.288,0.311000000000007,0.00184842883548983
2024,Emilia Romagna Grand Prix,PIA,McLaren,63,2,41,HARD,80.8,4,42,25.1,0,490,1.90599999999999,38,80.288,0.512,0
2024,Hungarian Grand Prix,PIA,McLaren,2,1,2,MEDIUM,84.038,1,44.9,28.8,108.2,491,2.322,1,83.796,0.24199999999999,1
2024,Hungarian Grand Prix,PIA,McLaren,3,1,3,MEDIUM,84.401,1,44.9,28.8,106.4,492,2.685,2,83.796,0.60499999999999,0.983364140480592
2024,Hungarian Grand Prix,PIA,McLaren,4,1,4,MEDIUM,84.115,1,44.9,28.8,104.6,493,2.399,3,83.796,0.318999999999988,0.966728280961183
2024,Hungarian Grand Prix,PIA,McLaren,5,1,5,MEDIUM,83.796,1,44.9,28.8,102.8,494,2.08000000000001,4,83.796,0,0.950092421441774
2024,Hungarian Grand Prix,PIA,McLaren,6,1,6,MEDIUM,83.846,1,44.9,28.8,101,495,2.13000000000001,5,83.796,0.0499999999999972,0.933456561922366
2024,Hungarian Grand Prix,PIA,McLaren,7,1,7,MEDIUM,84.11,1,44.9,28.8,99.2,496,2.39400000000001,6,83.796,0.313999999999993,0.916820702402958
2024,Hungarian Grand Prix,PIA,McLaren,8,1,8,MEDIUM,83.892,1,44.9,28.8,97.4,497,2.176,7,83.796,0.0959999999999894,0.900184842883549
2024,Hungarian Grand Prix,PIA,McLaren,9,1,9,MEDIUM,84.206,1,44.9,28.8,95.6,498,2.49000000000001,8,83.796,0.409999999999997,0.88354898336414
2024,Hungarian Grand Prix,PIA,McLaren,10,1,10,MEDIUM,84.257,1,44.9,28.8,93.8,499,2.54100000000001,9,83.796,0.460999999999999,0.866913123844732
2024,Hungarian Grand Prix,PIA,McLaren,11,1,11,MEDIUM,84.062,1,44.9,28.8,92,500,2.346,10,83.796,0.265999999999991,0.850277264325323
2024,Hungarian Grand Prix,PIA,McLaren,12,1,12,MEDIUM,83.893,1,44.9,28.8,90.2,501,2.17700000000001,11,83.796,0.0969999999999942,0.833641404805915
2024,Hungarian Grand Prix,PIA,McLaren,13,1,13,MEDIUM,83.887,1,44.9,28.8,88.4,502,2.17100000000001,12,83.796,0.090999999999994,0.817005545286506
2024,Hungarian Grand Prix,PIA,McLaren,14,1,14,MEDIUM,84.683,1,44.9,28.8,86.6,503,2.96700000000001,13,83.796,0.887,0.800369685767098
2024,Hungarian Grand Prix,PIA,McLaren,15,1,15,MEDIUM,84.299,1,44.9,28.8,84.8,504,2.58300000000001,14,83.796,0.503,0.783733826247689
2024,Hungarian Grand Prix,PIA,McLaren,16,1,16,MEDIUM,84.237,1,44.9,28.8,83,505,2.521,15,83.796,0.440999999999988,0.767097966728281
2024,Hungarian Grand Prix,PIA,McLaren,21,2,4,HARD,83.474,3,44.9,28.8,74,506,1.75800000000001,1,82.654,0.820000000000007,0.683918669131238
2024,Hungarian Grand Prix,PIA,McLaren,22,2,5,HARD,83.267,2,44.9,28.8,72.2,507,1.551,2,82.654,0.613,0.66728280961183
2024,Hungarian Grand Prix,PIA,McLaren,23,2,6,HARD,83.102,2,44.9,28.8,70.4,508,1.38600000000001,3,82.654,0.448000000000008,0.650646950092421
2024,Hungarian Grand Prix,PIA,McLaren,24,2,7,HARD,83.095,1,44.9,28.8,68.6,509,1.379,4,82.654,0.441000000000003,0.634011090573013
2024,Hungarian Grand Prix,PIA,McLaren,25,2,8,HARD,82.962,1,44.9,28.8,66.8,510,1.24600000000001,5,82.654,0.308000000000007,0.617375231053604
2024,Hungarian Grand Prix,PIA,McLaren,26,2,9,HARD,82.654,1,44.9,28.8,65,511,0.938000000000002,6,82.654,0,0.600739371534196
2024,Hungarian Grand Prix,PIA,McLaren,27,2,10,HARD,82.747,1,44.9,28.8,63.2,512,1.03100000000001,7,82.654,0.0930000000000035,0.584103512014787
2024,Hungarian Grand Prix,PIA,McLaren,28,2,11,HARD,82.79,1,44.9,28.8,61.4,513,1.07400000000001,8,82.654,0.13600000000001,0.567467652495379
2024,Hungarian Grand Prix,PIA,McLaren,29,2,12,HARD,82.704,1,44.9,28.8,59.6,514,0.988,9,82.654,0.0499999999999972,0.55083179297597
2024,Hungarian Grand Prix,PIA,McLaren,30,2,13,HARD,83.041,1,44.9,28.8,57.8,515,1.325,10,82.654,0.387,0.534195933456562
2024,Hungarian Grand Prix,PIA,McLaren,31,2,14,HARD,83.172,1,44.9,28.8,56,516,1.456,11,82.654,0.518000000000001,0.517560073937153
2024,Hungarian Grand Prix,PIA,McLaren,32,2,15,HARD,83.397,1,44.9,28.8,54.2,517,1.68100000000001,12,82.654,0.743000000000009,0.500924214417745
2024,Hungarian Grand Prix,PIA,McLaren,33,2,16,HARD,85.863,1,44.9,28.8,52.4,518,4.14700000000001,13,82.654,3.209,0.484288354898336
2024,Hungarian Grand Prix,PIA,McLaren,34,2,17,HARD,84.729,1,44.9,28.8,50.6,519,3.01300000000001,14,82.654,2.075,0.467652495378928
2024,Hungarian Grand Prix,PIA,McLaren,35,2,18,HARD,84.557,1,44.9,28.8,48.8,520,2.84100000000001,15,82.654,1.90300000000001,0.451016635859519
2024,Hungarian Grand Prix,PIA,McLaren,36,2,19,HARD,84.193,1,44.9,28.8,47,521,2.477,16,82.654,1.539,0.434380776340111
2024,Hungarian Grand Prix,PIA,McLaren,37,2,20,HARD,84.384,1,44.9,28.8,45.2,522,2.66800000000001,17,82.654,1.73,0.417744916820702
2024,Hungarian Grand Prix,PIA,McLaren,38,2,21,HARD,84.171,1,44.9,28.8,43.4,523,2.45500000000001,18,82.654,1.51700000000001,0.401109057301294
2024,Hungarian Grand Prix,PIA,McLaren,39,2,22,HARD,84.24,1,44.9,28.8,41.6,524,2.524,19,82.654,1.586,0.384473197781885
2024,Hungarian Grand Prix,PIA,McLaren,40,2,23,HARD,83.76,1,44.9,28.8,39.8,525,2.04400000000001,20,82.654,1.10600000000001,0.367837338262477
2024,Hungarian Grand Prix,PIA,McLaren,41,2,24,HARD,83.95,1,44.9,28.8,38,526,2.23400000000001,21,82.654,1.29600000000001,0.351201478743068
2024,Hungarian Grand Prix,PIA,McLaren,42,2,25,HARD,84.071,1,44.9,28.8,36.2,527,2.355,22,82.654,1.417,0.33456561922366
2024,Hungarian Grand Prix,PIA,McLaren,43,2,26,HARD,84.2,1,44.9,28.8,34.4,528,2.48400000000001,23,82.654,1.54600000000001,0.317929759704251
2024,Hungarian Grand Prix,PIA,McLaren,44,2,27,HARD,84.033,1,44.9,28.8,32.6,529,2.31700000000001,24,82.654,1.379,0.301293900184843
2024,Hungarian Grand Prix,PIA,McLaren,45,2,28,HARD,84.104,1,44.9,28.8,30.8,530,2.38800000000001,25,82.654,1.45,0.284658040665434
2024,Hungarian Grand Prix,PIA,McLaren,50,3,4,MEDIUM,81.863,2,44.9,28.8,21.8,531,0.147000000000006,1,81.716,0.147000000000006,0.201478743068392
2024,Hungarian Grand Prix,PIA,McLaren,51,3,5,MEDIUM,81.716,2,44.9,28.8,20,532,0,2,81.716,0,0.184842883548983
2024,Hungarian Grand Prix,PIA,McLaren,52,3,6,MEDIUM,81.861,2,44.9,28.8,18.2,533,0.14500000000001,3,81.716,0.14500000000001,0.168207024029575
2024,Hungarian Grand Prix,PIA,McLaren,53,3,7,MEDIUM,82.367,2,44.9,28.8,16.4,534,0.65100000000001,4,81.716,0.65100000000001,0.151571164510166
2024,Hungarian Grand Prix,PIA,McLaren,54,3,8,MEDIUM,82.161,2,44.9,28.8,14.6,535,0.445000000000007,5,81.716,0.445000000000007,0.134935304990758
2024,Hungarian Grand Prix,PIA,McLaren,55,3,9,MEDIUM,81.858,2,44.9,28.8,12.8,536,0.14200000000001,6,81.716,0.14200000000001,0.118299445471349
2024,Hungarian Grand Prix,PIA,McLaren,56,3,10,MEDIUM,82.191,2,44.9,28.8,11,537,0.475000000000009,7,81.716,0.475000000000009,0.101663585951941
2024,Hungarian Grand Prix,PIA,McLaren,57,3,11,MEDIUM,82.505,2,44.9,28.8,9.2,538,0.789000000000001,8,81.716,0.789000000000001,0.0850277264325323
2024,Hungarian Grand Prix,PIA,McLaren,58,3,12,MEDIUM,82.431,2,44.9,28.8,7.4,539,0.715000000000003,9,81.716,0.715000000000003,0.0683918669131238
2024,Hungarian Grand Prix,PIA,McLaren,59,3,13,MEDIUM,82.008,2,44.9,28.8,5.6,540,0.292000000000002,10,81.716,0.292000000000002,0.0517560073937153
2024,Hungarian Grand Prix,PIA,McLaren,60,3,14,MEDIUM,82.542,2,44.9,28.8,3.8,541,0.826000000000008,11,81.716,0.826000000000008,0.0351201478743068
2024,Hungarian Grand Prix,PIA,McLaren,61,3,15,MEDIUM,82.06,2,44.9,28.8,2,542,0.344000000000008,12,81.716,0.344000000000008,0.0184842883548983
2024,Hungarian Grand Prix,PIA,McLaren,62,3,16,MEDIUM,82.157,2,44.9,28.8,0.2,543,0.441000000000003,13,81.716,0.441000000000003,0.00184842883548983
2024,Hungarian Grand Prix,PIA,McLaren,64,3,18,MEDIUM,83.06,2,44.9,28.8,0,544,1.34400000000001,14,81.716,1.34400000000001,0
2024,Hungarian Grand Prix,PIA,McLaren,65,3,19,MEDIUM,82.771,2,44.9,28.8,0,545,1.05500000000001,15,81.716,1.05500000000001,0
2024,Hungarian Grand Prix,PIA,McLaren,66,3,20,MEDIUM,82.645,2,44.9,28.8,0,546,0.929000000000002,16,81.716,0.929000000000002,0
2024,Hungarian Grand Prix,PIA,McLaren,67,3,21,MEDIUM,82.62,2,44.9,28.8,0,547,0.904000000000011,17,81.716,0.904000000000011,0
2024,Hungarian Grand Prix,PIA,McLaren,68,3,22,MEDIUM,82.999,1,44.9,28.8,0,548,1.283,18,81.716,1.283,0
2024,Hungarian Grand Prix,PIA,McLaren,69,3,23,MEDIUM,82.597,1,44.9,28.8,0,549,0.881,19,81.716,0.881,0
2024,Hungarian Grand Prix,PIA,McLaren,70,3,24,MEDIUM,82.927,1,44.9,28.8,0,550,1.21100000000001,20,81.716,1.21100000000001,0
2024,Italian Grand Prix,PIA,McLaren,2,1,2,MEDIUM,85.116,1,49.3,33.1,108.2,551,3.173,1,84.077,1.039,1
2024,Italian Grand Prix,PIA,McLaren,3,1,3,MEDIUM,85.261,1,49.3,33.1,106.4,552,3.318,2,84.077,1.184,0.983364140480592
2024,Italian Grand Prix,PIA,McLaren,4,1,4,MEDIUM,84.695,1,49.3,33.1,104.6,553,2.752,3,84.077,0.617999999999995,0.966728280961183
2024,Italian Grand Prix,PIA,McLaren,5,1,5,MEDIUM,84.66,1,49.3,33.1,102.8,554,2.717,4,84.077,0.582999999999998,0.950092421441774
2024,Italian Grand Prix,PIA,McLaren,6,1,6,MEDIUM,84.603,1,49.3,33.1,101,555,2.66,5,84.077,0.525999999999996,0.933456561922366
2024,Italian Grand Prix,PIA,McLaren,7,1,7,MEDIUM,84.418,1,49.3,33.1,99.2,556,2.47500000000001,6,84.077,0.341000000000008,0.916820702402958
2024,Italian Grand Prix,PIA,McLaren,8,1,8,MEDIUM,84.57,1,49.3,33.1,97.4,557,2.627,7,84.077,0.492999999999995,0.900184842883549
2024,Italian Grand Prix,PIA,McLaren,9,1,9,MEDIUM,84.375,1,49.3,33.1,95.6,558,2.432,8,84.077,0.298000000000002,0.88354898336414
2024,Italian Grand Prix,PIA,McLaren,10,1,10,MEDIUM,84.077,1,49.3,33.1,93.8,559,2.134,9,84.077,0,0.866913123844732
2024,Italian Grand Prix,PIA,McLaren,11,1,11,MEDIUM,84.247,1,49.3,33.1,92,560,2.304,10,84.077,0.170000000000002,0.850277264325323
2024,Italian Grand Prix,PIA,McLaren,12,1,12,MEDIUM,84.748,1,49.3,33.1,90.2,561,2.80500000000001,11,84.077,0.671000000000006,0.833641404805915
2024,Italian Grand Prix,PIA,McLaren,13,1,13,MEDIUM,84.67,1,49.3,33.1,88.4,562,2.727,12,84.077,0.593000000000004,0.817005545286506
2024,Italian Grand Prix,PIA,McLaren,14,1,14,MEDIUM,85.048,1,49.3,33.1,86.6,563,3.105,13,84.077,0.971000000000004,0.800369685767098
2024,Italian Grand Prix,PIA,McLaren,19,2,3,HARD,84.602,4,49.3,33.1,77.6,564,2.65900000000001,1,82.968,1.634,0.717190388170055
2024,Italian Grand Prix,PIA,McLaren,20,2,4,HARD,83.986,3,49.3,33.1,75.8,565,2.04300000000001,2,82.968,1.018,0.700554528650647
2024,Italian Grand Prix,PIA,McLaren,21,2,5,HARD,83.903,3,49.3,33.1,74,566,1.96000000000001,3,82.968,0.935000000000002,0.683918669131238
2024,Italian Grand Prix,PIA,McLaren,22,2,6,HARD,83.647,3,49.3,33.1,72.2,567,1.70400000000001,4,82.968,0.679000000000002,0.66728280961183
2024,Italian Grand Prix,PIA,McLaren,23,2,7,HARD,83.66,1,49.3,33.1,70.4,568,1.717,5,82.968,0.691999999999993,0.650646950092421
2024,Italian Grand Prix,PIA,McLaren,24,2,8,HARD,83.315,1,49.3,33.1,68.6,569,1.372,6,82.968,0.346999999999994,0.634011090573013
2024,Italian Grand Prix,PIA,McLaren,25,2,9,HARD,83.23,1,49.3,33.1,66.8,570,1.28700000000001,7,82.968,0.262,0.617375231053604
2024,Italian Grand Prix,PIA,McLaren,26,2,10,HARD,83.133,1,49.3,33.1,65,571,1.19,8,82.968,0.164999999999992,0.600739371534196
2024,Italian Grand Prix,PIA,McLaren,27,2,11,HARD,83.088,1,49.3,33.1,63.2,572,1.145,9,82.968,0.11999999999999,0.584103512014787
2024,Italian Grand Prix,PIA,McLaren,28,2,12,HARD,83.168,1,49.3,33.1,61.4,573,1.22500000000001,10,82.968,0.200000000000003,0.567467652495379
2024,Italian Grand Prix,PIA,McLaren,29,2,13,HARD,83.066,1,49.3,33.1,59.6,574,1.123,11,82.968,0.097999999999999,0.55083179297597
2024,Italian Grand Prix,PIA,McLaren,30,2,14,HARD,82.968,1,49.3,33.1,57.8,575,1.02500000000001,12,82.968,0,0.534195933456562
2024,Italian Grand Prix,PIA,McLaren,31,2,15,HARD,83.221,1,49.3,33.1,56,576,1.27800000000001,13,82.968,0.253,0.517560073937153
2024,Italian Grand Prix,PIA,McLaren,32,2,16,HARD,83.48,1,49.3,33.1,54.2,577,1.53700000000001,14,82.968,0.512,0.500924214417745
2024,Italian Grand Prix,PIA,McLaren,33,2,17,HARD,83.148,1,49.3,33.1,52.4,578,1.205,15,82.968,0.179999999999993,0.484288354898336
2024,Italian Grand Prix,PIA,McLaren,34,2,18,HARD,83.456,1,49.3,33.1,50.6,579,1.51300000000001,16,82.968,0.488,0.467652495378928
2024,Italian Grand Prix,PIA,McLaren,35,2,19,HARD,83.409,1,49.3,33.1,48.8,580,1.46600000000001,17,82.968,0.441000000000003,0.451016635859519
2024,Italian Grand Prix,PIA,McLaren,36,2,20,HARD,83.746,1,49.3,33.1,47,581,1.803,18,82.968,0.777999999999992,0.434380776340111
2024,Italian Grand Prix,PIA,McLaren,41,3,3,HARD,82.066,3,49.3,33.1,38,582,0.123000000000005,1,81.943,0.123000000000005,0.351201478743068
2024,Italian Grand Prix,PIA,McLaren,42,3,4,HARD,82.331,3,49.3,33.1,36.2,583,0.388000000000005,2,81.943,0.388000000000005,0.33456561922366
2024,Italian Grand Prix,PIA,McLaren,43,3,5,HARD,82.092,3,49.3,33.1,34.4,584,0.149000000000001,3,81.943,0.149000000000001,0.317929759704251
2024,Italian Grand Prix,PIA,McLaren,44,3,6,HARD,82.628,3,49.3,33.1,32.6,585,0.685000000000002,4,81.943,0.685000000000002,0.301293900184843
2024,Italian Grand Prix,PIA,McLaren,45,3,7,HARD,83.675,2,49.3,33.1,30.8,586,1.732,5,81.943,1.732,0.284658040665434
2024,Italian Grand Prix,PIA,McLaren,46,3,8,HARD,82.537,2,49.3,33.1,29,587,0.594000000000008,6,81.943,0.594000000000008,0.268022181146026
2024,Italian Grand Prix,PIA,McLaren,47,3,9,HARD,82.253,2,49.3,33.1,27.2,588,0.310000000000002,7,81.943,0.310000000000002,0.251386321626617
2024,Italian Grand Prix,PIA,McLaren,48,3,10,HARD,82.725,2,49.3,33.1,25.4,589,0.781999999999996,8,81.943,0.781999999999996,0.234750462107209
2024,Italian Grand Prix,PIA,McLaren,49,3,11,HARD,82.945,2,49.3,33.1,23.6,590,1.002,9,81.943,1.002,0.2181146025878
2024,Italian Grand Prix,PIA,McLaren,50,3,12,HARD,82.586,2,49.3,33.1,21.8,591,0.643000000000001,10,81.943,0.643000000000001,0.201478743068392
2024,Italian Grand Prix,PIA,McLaren,51,3,13,HARD,82.424,2,49.3,33.1,20,592,0.481000000000009,11,81.943,0.481000000000009,0.184842883548983
2024,Italian Grand Prix,PIA,McLaren,52,3,14,HARD,81.948,2,49.3,33.1,18.2,593,0.00499999999999545,12,81.943,0.00499999999999545,0.168207024029575
2024,Italian Grand Prix,PIA,McLaren,53,3,15,HARD,81.943,2,49.3,33.1,16.4,594,0,13,81.943,0,0.151571164510166
2024,Japanese Grand Prix,PIA,McLaren,4,2,4,MEDIUM,97.734,6,37.5,21.7,104.6,595,6.69499999999999,1,97.631,0.102999999999994,0.966728280961183
2024,Japanese Grand Prix,PIA,McLaren,5,2,5,MEDIUM,97.631,6,37.5,21.7,102.8,596,6.592,2,97.631,0,0.950092421441774
2024,Japanese Grand Prix,PIA,McLaren,6,2,6,MEDIUM,98.141,6,37.5,21.7,101,597,7.102,3,97.631,0.510000000000005,0.933456561922366
2024,Japanese Grand Prix,PIA,McLaren,7,2,7,MEDIUM,98.191,6,37.5,21.7,99.2,598,7.152,4,97.631,0.560000000000002,0.916820702402958
2024,Japanese Grand Prix,PIA,McLaren,8,2,8,MEDIUM,98.222,6,37.5,21.7,97.4,599,7.18299999999999,5,97.631,0.590999999999994,0.900184842883549
2024,Japanese Grand Prix,PIA,McLaren,9,2,9,MEDIUM,98.5,6,37.5,21.7,95.6,600,7.461,6,97.631,0.869,0.88354898336414
2024,Japanese Grand Prix,PIA,McLaren,10,2,10,MEDIUM,99.011,6,37.5,21.7,93.8,601,7.97199999999999,7,97.631,1.38,0.866913123844732
2024,Japanese Grand Prix,PIA,McLaren,15,3,3,HARD,97.377,9,37.5,21.7,84.8,602,6.33799999999999,1,96.747,0.629999999999995,0.783733826247689
2024,Japanese Grand Prix,PIA,McLaren,16,3,4,HARD,97.058,9,37.5,21.7,83,603,6.01900000000001,2,96.747,0.311000000000007,0.767097966728281
2024,Japanese Grand Prix,PIA,McLaren,17,3,5,HARD,96.747,9,37.5,21.7,81.2,604,5.708,3,96.747,0,0.750462107208873
2024,Japanese Grand Prix,PIA,McLaren,18,3,6,HARD,96.822,9,37.5,21.7,79.4,605,5.783,4,96.747,0.0750000000000028,0.733826247689464
2024,Japanese Grand Prix,PIA,McLaren,19,3,7,HARD,96.782,9,37.5,21.7,77.6,606,5.74299999999999,5,96.747,0.0349999999999966,0.717190388170055
2024,Japanese Grand Prix,PIA,McLaren,20,3,8,HARD,96.984,9,37.5,21.7,75.8,607,5.94499999999999,6,96.747,0.236999999999995,0.700554528650647
2024,Japanese Grand Prix,PIA,McLaren,21,3,9,HARD,97.416,9,37.5,21.7,74,608,6.377,7,96.747,0.668999999999997,0.683918669131238
2024,Japanese Grand Prix,PIA,McLaren,22,3,10,HARD,98.625,9,37.5,21.7,72.2,609,7.586,8,96.747,1.878,0.66728280961183
2024,Japanese Grand Prix,PIA,McLaren,23,3,11,HARD,98.919,7,37.5,21.7,70.4,610,7.88,9,96.747,2.172,0.650646950092421
2024,Japanese Grand Prix,PIA,McLaren,24,3,12,HARD,97.175,7,37.5,21.7,68.6,611,6.136,10,96.747,0.427999999999997,0.634011090573013
2024,Japanese Grand Prix,PIA,McLaren,25,3,13,HARD,97.776,7,37.5,21.7,66.8,612,6.73699999999999,11,96.747,1.029,0.617375231053604
2024,Japanese Grand Prix,PIA,McLaren,26,3,14,HARD,97.364,7,37.5,21.7,65,613,6.325,12,96.747,0.617000000000004,0.600739371534196
2024,Japanese Grand Prix,PIA,McLaren,27,3,15,HARD,97.389,5,37.5,21.7,63.2,614,6.34999999999999,13,96.747,0.641999999999996,0.584103512014787
2024,Japanese Grand Prix,PIA,McLaren,28,3,16,HARD,97.438,5,37.5,21.7,61.4,615,6.399,14,96.747,0.691000000000003,0.567467652495379
2024,Japanese Grand Prix,PIA,McLaren,29,3,17,HARD,97.771,5,37.5,21.7,59.6,616,6.732,15,96.747,1.024,0.55083179297597
2024,Japanese Grand Prix,PIA,McLaren,30,3,18,HARD,97.946,5,37.5,21.7,57.8,617,6.907,16,96.747,1.199,0.534195933456562
2024,Japanese Grand Prix,PIA,McLaren,35,4,3,HARD,94.802,9,37.5,21.7,48.8,618,3.76300000000001,1,94.802,0,0.451016635859519
2024,Japanese Grand Prix,PIA,McLaren,36,4,4,HARD,95.128,9,37.5,21.7,47,619,4.089,2,94.802,0.325999999999993,0.434380776340111
2024,Japanese Grand Prix,PIA,McLaren,37,4,5,HARD,95.4,9,37.5,21.7,45.2,620,4.361,3,94.802,0.597999999999999,0.417744916820702
2024,Japanese Grand Prix,PIA,McLaren,38,4,6,HARD,95.267,8,37.5,21.7,43.4,621,4.22799999999999,4,94.802,0.464999999999989,0.401109057301294
2024,Japanese Grand Prix,PIA,McLaren,39,4,7,HARD,96.036,8,37.5,21.7,41.6,622,4.997,5,94.802,1.23399999999999,0.384473197781885
2024,Japanese Grand Prix,PIA,McLaren,40,4,8,HARD,95.888,7,37.5,21.7,39.8,623,4.849,6,94.802,1.086,0.367837338262477
2024,Japanese Grand Prix,PIA,McLaren,41,4,9,HARD,95.545,7,37.5,21.7,38,624,4.506,7,94.802,0.742999999999995,0.351201478743068
2024,Japanese Grand Prix,PIA,McLaren,43,4,11,HARD,95.841,7,37.5,21.7,34.4,625,4.80199999999999,8,94.802,1.03899999999999,0.317929759704251
2024,Japanese Grand Prix,PIA,McLaren,44,4,12,HARD,95.539,7,37.5,21.7,32.6,626,4.5,9,94.802,0.736999999999995,0.301293900184843
2024,Japanese Grand Prix,PIA,McLaren,45,4,13,HARD,95.648,7,37.5,21.7,30.8,627,4.60899999999999,10,94.802,0.845999999999989,0.284658040665434
2024,Japanese Grand Prix,PIA,McLaren,46,4,14,HARD,95.755,7,37.5,21.7,29,628,4.71599999999999,11,94.802,0.952999999999989,0.268022181146026
2024,Japanese Grand Prix,PIA,McLaren,47,4,15,HARD,95.891,7,37.5,21.7,27.2,629,4.852,12,94.802,1.089,0.251386321626617
2024,Japanese Grand Prix,PIA,McLaren,48,4,16,HARD,95.898,7,37.5,21.7,25.4,630,4.85899999999999,13,94.802,1.09599999999999,0.234750462107209
2024,Japanese Grand Prix,PIA,McLaren,49,4,17,HARD,96.179,7,37.5,21.7,23.6,631,5.14,14,94.802,1.377,0.2181146025878
2024,Japanese Grand Prix,PIA,McLaren,50,4,18,HARD,96.228,7,37.5,21.7,21.8,632,5.18899999999999,15,94.802,1.42599999999999,0.201478743068392
2024,Japanese Grand Prix,PIA,McLaren,51,4,19,HARD,95.429,7,37.5,21.7,20,633,4.39,16,94.802,0.626999999999995,0.184842883548983
2024,Japanese Grand Prix,PIA,McLaren,52,4,20,HARD,96.164,7,37.5,21.7,18.2,634,5.125,17,94.802,1.36199999999999,0.168207024029575
2024,Japanese Grand Prix,PIA,McLaren,53,4,21,HARD,96.611,8,37.5,21.7,16.4,635,5.572,18,94.802,1.809,0.151571164510166
2024,Las Vegas Grand Prix,PIA,McLaren,2,1,2,MEDIUM,100.495,9,17.7,17.8,108.2,636,3.89700000000001,1,99.01,1.485,1
2024,Las Vegas Grand Prix,PIA,McLaren,3,1,3,MEDIUM,99.144,9,17.7,17.8,106.4,637,2.54600000000001,2,99.01,0.134,0.983364140480592
2024,Las Vegas Grand Prix,PIA,McLaren,4,1,4,MEDIUM,99.226,9,17.7,17.8,104.6,638,2.628,3,99.01,0.215999999999994,0.966728280961183
2024,Las Vegas Grand Prix,PIA,McLaren,5,1,5,MEDIUM,99.01,8,17.7,17.8,102.8,639,2.41200000000001,4,99.01,0,0.950092421441774
2024,Las Vegas Grand Prix,PIA,McLaren,6,1,6,MEDIUM,99.097,8,17.7,17.8,101,640,2.499,5,99.01,0.0869999999999891,0.933456561922366
2024,Las Vegas Grand Prix,PIA,McLaren,7,1,7,MEDIUM,100.118,8,17.7,17.8,99.2,641,3.52,6,99.01,1.10799999999999,0.916820702402958
2024,Las Vegas Grand Prix,PIA,McLaren,8,1,8,MEDIUM,100.351,9,17.7,17.8,97.4,642,3.753,7,99.01,1.34099999999999,0.900184842883549
2024,Las Vegas Grand Prix,PIA,McLaren,13,2,3,HARD,97.942,15,17.7,17.8,88.4,643,1.34399999999999,1,97.942,0,0.817005545286506
2024,Las Vegas Grand Prix,PIA,McLaren,14,2,4,HARD,98.85,15,17.7,17.8,86.6,644,2.252,2,97.942,0.908000000000001,0.800369685767098
2024,Las Vegas Grand Prix,PIA,McLaren,15,2,5,HARD,98.556,12,17.7,17.8,84.8,645,1.958,3,97.942,0.614000000000004,0.783733826247689
2024,Las Vegas Grand Prix,PIA,McLaren,16,2,6,HARD,99.691,10,17.7,17.8,83,646,3.093,4,97.942,1.74900000000001,0.767097966728281
2024,Las Vegas Grand Prix,PIA,McLaren,17,2,7,HARD,99.28,9,17.7,17.8,81.2,647,2.682,5,97.942,1.33800000000001,0.750462107208873
2024,Las Vegas Grand Prix,PIA,McLaren,18,2,8,HARD,98.127,8,17.7,17.8,79.4,648,1.529,6,97.942,0.185000000000002,0.733826247689464
2024,Las Vegas Grand Prix,PIA,McLaren,19,2,9,HARD,98.439,8,17.7,17.8,77.6,649,1.84099999999999,7,97.942,0.497,0.717190388170055
2024,Las Vegas Grand Prix,PIA,McLaren,20,2,10,HARD,98.301,8,17.7,17.8,75.8,650,1.703,8,97.942,0.359000000000009,0.700554528650647
2024,Las Vegas Grand Prix,PIA,McLaren,21,2,11,HARD,98.458,8,17.7,17.8,74,651,1.86,9,97.942,0.516000000000005,0.683918669131238
2024,Las Vegas Grand Prix,PIA,McLaren,22,2,12,HARD,99.05,8,17.7,17.8,72.2,652,2.452,10,97.942,1.108,0.66728280961183
2024,Las Vegas Grand Prix,PIA,McLaren,23,2,13,HARD,98.849,8,17.7,17.8,70.4,653,2.251,11,97.942,0.907000000000011,0.650646950092421
2024,Las Vegas Grand Prix,PIA,McLaren,28,3,3,HARD,98.108,13,17.7,17.8,61.4,654,1.51000000000001,1,96.598,1.51000000000001,0.567467652495379
2024,Las Vegas Grand Prix,PIA,McLaren,29,3,4,HARD,97.582,13,17.7,17.8,59.6,655,0.983999999999995,2,96.598,0.983999999999995,0.55083179297597
2024,Las Vegas Grand Prix,PIA,McLaren,30,3,5,HARD,98.11,11,17.7,17.8,57.8,656,1.512,3,96.598,1.512,0.534195933456562
2024,Las Vegas Grand Prix,PIA,McLaren,31,3,6,HARD,98.356,10,17.7,17.8,56,657,1.758,4,96.598,1.758,0.517560073937153
2024,Las Vegas Grand Prix,PIA,McLaren,32,3,7,HARD,98.495,9,17.7,17.8,54.2,658,1.89700000000001,5,96.598,1.89700000000001,0.500924214417745
2024,Las Vegas Grand Prix,PIA,McLaren,33,3,8,HARD,98.689,8,17.7,17.8,52.4,659,2.09099999999999,6,96.598,2.09099999999999,0.484288354898336
2024,Las Vegas Grand Prix,PIA,McLaren,34,3,9,HARD,97.841,7,17.7,17.8,50.6,660,1.24299999999999,7,96.598,1.24299999999999,0.467652495378928
2024,Las Vegas Grand Prix,PIA,McLaren,35,3,10,HARD,97.431,7,17.7,17.8,48.8,661,0.832999999999998,8,96.598,0.832999999999998,0.451016635859519
2024,Las Vegas Grand Prix,PIA,McLaren,36,3,11,HARD,97.201,7,17.7,17.8,47,662,0.602999999999994,9,96.598,0.602999999999994,0.434380776340111
2024,Las Vegas Grand Prix,PIA,McLaren,37,3,12,HARD,96.74,7,17.7,17.8,45.2,663,0.141999999999996,10,96.598,0.141999999999996,0.417744916820702
2024,Las Vegas Grand Prix,PIA,McLaren,38,3,13,HARD,97.607,7,17.7,17.8,43.4,664,1.009,11,96.598,1.009,0.401109057301294
2024,Las Vegas Grand Prix,PIA,McLaren,39,3,14,HARD,97.144,7,17.7,17.8,41.6,665,0.546000000000006,12,96.598,0.546000000000006,0.384473197781885
2024,Las Vegas Grand Prix,PIA,McLaren,40,3,15,HARD,97.586,7,17.7,17.8,39.8,666,0.988,13,96.598,0.988,0.367837338262477
2024,Las Vegas Grand Prix,PIA,McLaren,42,3,17,HARD,97.295,7,17.7,17.8,36.2,667,0.697000000000003,14,96.598,0.697000000000003,0.33456561922366
2024,Las Vegas Grand Prix,PIA,McLaren,43,3,18,HARD,97.097,7,17.7,17.8,34.4,668,0.498999999999995,15,96.598,0.498999999999995,0.317929759704251
2024,Las Vegas Grand Prix,PIA,McLaren,44,3,19,HARD,96.598,7,17.7,17.8,32.6,669,0,16,96.598,0,0.301293900184843
2024,Las Vegas Grand Prix,PIA,McLaren,45,3,20,HARD,97.089,7,17.7,17.8,30.8,670,0.491,17,96.598,0.491,0.284658040665434
2024,Las Vegas Grand Prix,PIA,McLaren,46,3,21,HARD,97.047,7,17.7,17.8,29,671,0.448999999999998,18,96.598,0.448999999999998,0.268022181146026
2024,Las Vegas Grand Prix,PIA,McLaren,47,3,22,HARD,97.122,7,17.7,17.8,27.2,672,0.524000000000001,19,96.598,0.524000000000001,0.251386321626617
2024,Las Vegas Grand Prix,PIA,McLaren,48,3,23,HARD,97.847,7,17.7,17.8,25.4,673,1.249,20,96.598,1.249,0.234750462107209
2024,Las Vegas Grand Prix,PIA,McLaren,49,3,24,HARD,97.752,7,17.7,17.8,23.6,674,1.154,21,96.598,1.154,0.2181146025878
2024,Las Vegas Grand Prix,PIA,McLaren,50,3,25,HARD,98.272,7,17.7,17.8,21.8,675,1.67400000000001,22,96.598,1.67400000000001,0.201478743068392
2024,Mexico City Grand Prix,PIA,McLaren,7,1,7,MEDIUM,83.677,17,35.6,19.9,99.2,676,3.61300000000001,1,82.231,1.44600000000001,0.916820702402958
2024,Mexico City Grand Prix,PIA,McLaren,8,1,8,MEDIUM,83.399,17,35.6,19.9,97.4,677,3.33500000000001,2,82.231,1.16800000000001,0.900184842883549
2024,Mexico City Grand Prix,PIA,McLaren,9,1,9,MEDIUM,82.797,17,35.6,19.9,95.6,678,2.733,3,82.231,0.566000000000003,0.88354898336414
2024,Mexico City Grand Prix,PIA,McLaren,10,1,10,MEDIUM,82.793,16,35.6,19.9,93.8,679,2.72900000000001,4,82.231,0.562000000000012,0.866913123844732
2024,Mexico City Grand Prix,PIA,McLaren,11,1,11,MEDIUM,83.793,16,35.6,19.9,92,680,3.72900000000001,5,82.231,1.56200000000001,0.850277264325323
2024,Mexico City Grand Prix,PIA,McLaren,12,1,12,MEDIUM,83.449,16,35.6,19.9,90.2,681,3.38500000000001,6,82.231,1.218,0.833641404805915
2024,Mexico City Grand Prix,PIA,McLaren,13,1,13,MEDIUM,83.074,15,35.6,19.9,88.4,682,3.01000000000001,7,82.231,0.843000000000004,0.817005545286506
2024,Mexico City Grand Prix,PIA,McLaren,14,1,14,MEDIUM,84.172,15,35.6,19.9,86.6,683,4.108,8,82.231,1.941,0.800369685767098
2024,Mexico City Grand Prix,PIA,McLaren,15,1,15,MEDIUM,84.244,14,35.6,19.9,84.8,684,4.18000000000001,9,82.231,2.01300000000001,0.783733826247689
2024,Mexico City Grand Prix,PIA,McLaren,16,1,16,MEDIUM,82.898,14,35.6,19.9,83,685,2.834,10,82.231,0.667000000000002,0.767097966728281
2024,Mexico City Grand Prix,PIA,McLaren,17,1,17,MEDIUM,82.946,14,35.6,19.9,81.2,686,2.88200000000001,11,82.231,0.715000000000003,0.750462107208873
2024,Mexico City Grand Prix,PIA,McLaren,18,1,18,MEDIUM,83.693,14,35.6,19.9,79.4,687,3.629,12,82.231,1.462,0.733826247689464
2024,Mexico City Grand Prix,PIA,McLaren,19,1,19,MEDIUM,83.648,14,35.6,19.9,77.6,688,3.584,13,82.231,1.417,0.717190388170055
2024,Mexico City Grand Prix,PIA,McLaren,20,1,20,MEDIUM,84.004,13,35.6,19.9,75.8,689,3.94000000000001,14,82.231,1.77300000000001,0.700554528650647
2024,Mexico City Grand Prix,PIA,McLaren,21,1,21,MEDIUM,83.88,12,35.6,19.9,74,690,3.816,15,82.231,1.649,0.683918669131238
2024,Mexico City Grand Prix,PIA,McLaren,22,1,22,MEDIUM,82.825,12,35.6,19.9,72.2,691,2.76100000000001,16,82.231,0.594000000000008,0.66728280961183
2024,Mexico City Grand Prix,PIA,McLaren,23,1,23,MEDIUM,82.68,12,35.6,19.9,70.4,692,2.61600000000001,17,82.231,0.449000000000012,0.650646950092421
2024,Mexico City Grand Prix,PIA,McLaren,24,1,24,MEDIUM,82.605,11,35.6,19.9,68.6,693,2.54100000000001,18,82.231,0.374000000000009,0.634011090573013
2024,Mexico City Grand Prix,PIA,McLaren,25,1,25,MEDIUM,82.231,11,35.6,19.9,66.8,694,2.167,19,82.231,0,0.617375231053604
2024,Mexico City Grand Prix,PIA,McLaren,26,1,26,MEDIUM,82.664,11,35.6,19.9,65,695,2.60000000000001,20,82.231,0.433000000000007,0.600739371534196
2024,Mexico City Grand Prix,PIA,McLaren,27,1,27,MEDIUM,82.905,10,35.6,19.9,63.2,696,2.84100000000001,21,82.231,0.674000000000007,0.584103512014787
2024,Mexico City Grand Prix,PIA,McLaren,28,1,28,MEDIUM,83.084,9,35.6,19.9,61.4,697,3.02000000000001,22,82.231,0.853000000000009,0.567467652495379
2024,Mexico City Grand Prix,PIA,McLaren,29,1,29,MEDIUM,82.782,8,35.6,19.9,59.6,698,2.718,23,82.231,0.551000000000002,0.55083179297597
2024,Mexico City Grand Prix,PIA,McLaren,30,1,30,MEDIUM,82.677,7,35.6,19.9,57.8,699,2.61300000000001,24,82.231,0.446000000000012,0.534195933456562
2024,Mexico City Grand Prix,PIA,McLaren,31,1,31,MEDIUM,82.797,6,35.6,19.9,56,700,2.733,25,82.231,0.566000000000003,0.517560073937153
2024,Mexico City Grand Prix,PIA,McLaren,32,1,32,MEDIUM,83.101,5,35.6,19.9,54.2,701,3.03700000000001,26,82.231,0.870000000000005,0.500924214417745
2024,Mexico City Grand Prix,PIA,McLaren,33,1,33,MEDIUM,83.935,6,35.6,19.9,52.4,702,3.87100000000001,27,82.231,1.70400000000001,0.484288354898336
2024,Mexico City Grand Prix,PIA,McLaren,34,1,34,MEDIUM,83.015,5,35.6,19.9,50.6,703,2.95100000000001,28,82.231,0.784000000000006,0.467652495378928
2024,Mexico City Grand Prix,PIA,McLaren,35,1,35,MEDIUM,83.364,6,35.6,19.9,48.8,704,3.30000000000001,29,82.231,1.13300000000001,0.451016635859519
2024,Mexico City Grand Prix,PIA,McLaren,36,1,36,MEDIUM,82.59,6,35.6,19.9,47,705,2.52600000000001,30,82.231,0.359000000000009,0.434380776340111
2024,Mexico City Grand Prix,PIA,McLaren,37,1,37,MEDIUM,82.667,6,35.6,19.9,45.2,706,2.60300000000001,31,82.231,0.436000000000007,0.417744916820702
2024,Mexico City Grand Prix,PIA,McLaren,42,2,3,HARD,81.367,12,35.6,19.9,36.2,707,1.30300000000001,1,80.064,1.30300000000001,0.33456561922366
2024,Mexico City Grand Prix,PIA,McLaren,43,2,4,HARD,82.545,11,35.6,19.9,34.4,708,2.48100000000001,2,80.064,2.48100000000001,0.317929759704251
2024,Mexico City Grand Prix,PIA,McLaren,44,2,5,HARD,80.597,10,35.6,19.9,32.6,709,0.533000000000001,3,80.064,0.533000000000001,0.301293900184843
2024,Mexico City Grand Prix,PIA,McLaren,45,2,6,HARD,81.068,10,35.6,19.9,30.8,710,1.004,4,80.064,1.004,0.284658040665434
2024,Mexico City Grand Prix,PIA,McLaren,46,2,7,HARD,81.164,10,35.6,19.9,29,711,1.10000000000001,5,80.064,1.10000000000001,0.268022181146026
2024,Mexico City Grand Prix,PIA,McLaren,47,2,8,HARD,83.905,9,35.6,19.9,27.2,712,3.84100000000001,6,80.064,3.84100000000001,0.251386321626617
2024,Mexico City Grand Prix,PIA,McLaren,48,2,9,HARD,80.434,9,35.6,19.9,25.4,713,0.370000000000005,7,80.064,0.370000000000005,0.234750462107209
2024,Mexico City Grand Prix,PIA,McLaren,49,2,10,HARD,80.799,9,35.6,19.9,23.6,714,0.735000000000014,8,80.064,0.735000000000014,0.2181146025878
2024,Mexico City Grand Prix,PIA,McLaren,50,2,11,HARD,80.569,9,35.6,19.9,21.8,715,0.50500000000001,9,80.064,0.50500000000001,0.201478743068392
2024,Mexico City Grand Prix,PIA,McLaren,51,2,12,HARD,80.433,9,35.6,19.9,20,716,0.369000000000014,10,80.064,0.369000000000014,0.184842883548983
2024,Mexico City Grand Prix,PIA,McLaren,52,2,13,HARD,80.234,9,35.6,19.9,18.2,717,0.170000000000002,11,80.064,0.170000000000002,0.168207024029575
2024,Mexico City Grand Prix,PIA,McLaren,53,2,14,HARD,80.27,9,35.6,19.9,16.4,718,0.206000000000003,12,80.064,0.206000000000003,0.151571164510166
2024,Mexico City Grand Prix,PIA,McLaren,54,2,15,HARD,80.605,9,35.6,19.9,14.6,719,0.541000000000011,13,80.064,0.541000000000011,0.134935304990758
2024,Mexico City Grand Prix,PIA,McLaren,55,2,16,HARD,81,9,35.6,19.9,12.8,720,0.936000000000007,14,80.064,0.936000000000007,0.118299445471349
2024,Mexico City Grand Prix,PIA,McLaren,56,2,17,HARD,80.206,8,35.6,19.9,11,721,0.14200000000001,15,80.064,0.14200000000001,0.101663585951941
2024,Mexico City Grand Prix,PIA,McLaren,57,2,18,HARD,80.444,8,35.6,19.9,9.2,722,0.38000000000001,16,80.064,0.38000000000001,0.0850277264325323
2024,Mexico City Grand Prix,PIA,McLaren,58,2,19,HARD,80.268,8,35.6,19.9,7.4,723,0.204000000000008,17,80.064,0.204000000000008,0.0683918669131238
2024,Mexico City Grand Prix,PIA,McLaren,59,2,20,HARD,80.359,8,35.6,19.9,5.6,724,0.295000000000002,18,80.064,0.295000000000002,0.0517560073937153
2024,Mexico City Grand Prix,PIA,McLaren,60,2,21,HARD,80.385,8,35.6,19.9,3.8,725,0.321000000000012,19,80.064,0.321000000000012,0.0351201478743068
2024,Mexico City Grand Prix,PIA,McLaren,61,2,22,HARD,80.53,8,35.6,19.9,2,726,0.466000000000008,20,80.064,0.466000000000008,0.0184842883548983
2024,Mexico City Grand Prix,PIA,McLaren,62,2,23,HARD,80.472,8,35.6,19.9,0.2,727,0.408000000000001,21,80.064,0.408000000000001,0.00184842883548983
2024,Mexico City Grand Prix,PIA,McLaren,63,2,24,HARD,81.016,8,35.6,19.9,0,728,0.952000000000012,22,80.064,0.952000000000012,0
2024,Mexico City Grand Prix,PIA,McLaren,64,2,25,HARD,80.162,8,35.6,19.9,0,729,0.0980000000000132,23,80.064,0.0980000000000132,0
2024,Mexico City Grand Prix,PIA,McLaren,65,2,26,HARD,80.064,8,35.6,19.9,0,730,0,24,80.064,0,0
2024,Mexico City Grand Prix,PIA,McLaren,66,2,27,HARD,80.264,8,35.6,19.9,0,731,0.200000000000003,25,80.064,0.200000000000003,0
2024,Mexico City Grand Prix,PIA,McLaren,67,2,28,HARD,80.572,8,35.6,19.9,0,732,0.50800000000001,26,80.064,0.50800000000001,0
2024,Mexico City Grand Prix,PIA,McLaren,68,2,29,HARD,80.271,8,35.6,19.9,0,733,0.207000000000008,27,80.064,0.207000000000008,0
2024,Mexico City Grand Prix,PIA,McLaren,69,2,30,HARD,80.891,8,35.6,19.9,0,734,0.827000000000012,28,80.064,0.827000000000012,0
2024,Mexico City Grand Prix,PIA,McLaren,70,2,31,HARD,80.55,8,35.6,19.9,0,735,0.486000000000004,29,80.064,0.486000000000004,0
2024,Mexico City Grand Prix,PIA,McLaren,71,2,32,HARD,81.531,8,35.6,19.9,0,736,1.46700000000001,30,80.064,1.46700000000001,0
2024,Miami Grand Prix,PIA,McLaren,2,1,2,MEDIUM,92.827,3,44.7,28.5,108.2,737,3.005,1,92.453,0.373999999999995,1
2024,Miami Grand Prix,PIA,McLaren,3,1,3,MEDIUM,93.063,3,44.7,28.5,106.4,738,3.241,2,92.453,0.609999999999999,0.983364140480592
2024,Miami Grand Prix,PIA,McLaren,4,1,4,MEDIUM,93.119,2,44.7,28.5,104.6,739,3.297,3,92.453,0.665999999999997,0.966728280961183
2024,Miami Grand Prix,PIA,McLaren,5,1,5,MEDIUM,93.321,2,44.7,28.5,102.8,740,3.499,4,92.453,0.867999999999995,0.950092421441774
2024,Miami Grand Prix,PIA,McLaren,6,1,6,MEDIUM,92.878,2,44.7,28.5,101,741,3.056,5,92.453,0.424999999999997,0.933456561922366
2024,Miami Grand Prix,PIA,McLaren,7,1,7,MEDIUM,93.355,2,44.7,28.5,99.2,742,3.533,6,92.453,0.902000000000001,0.916820702402958
2024,Miami Grand Prix,PIA,McLaren,8,1,8,MEDIUM,93.067,2,44.7,28.5,97.4,743,3.24499999999999,7,92.453,0.61399999999999,0.900184842883549
2024,Miami Grand Prix,PIA,McLaren,9,1,9,MEDIUM,93.092,2,44.7,28.5,95.6,744,3.27,8,92.453,0.638999999999996,0.88354898336414
2024,Miami Grand Prix,PIA,McLaren,10,1,10,MEDIUM,93.592,2,44.7,28.5,93.8,745,3.77,9,92.453,1.139,0.866913123844732
2024,Miami Grand Prix,PIA,McLaren,11,1,11,MEDIUM,93.262,2,44.7,28.5,92,746,3.44,10,92.453,0.808999999999997,0.850277264325323
2024,Miami Grand Prix,PIA,McLaren,12,1,12,MEDIUM,93.083,2,44.7,28.5,90.2,747,3.261,11,92.453,0.629999999999995,0.833641404805915
2024,Miami Grand Prix,PIA,McLaren,13,1,13,MEDIUM,93.162,2,44.7,28.5,88.4,748,3.34,12,92.453,0.709000000000003,0.817005545286506
2024,Miami Grand Prix,PIA,McLaren,14,1,14,MEDIUM,93.183,2,44.7,28.5,86.6,749,3.361,13,92.453,0.730000000000004,0.800369685767098
2024,Miami Grand Prix,PIA,McLaren,15,1,15,MEDIUM,92.767,2,44.7,28.5,84.8,750,2.94499999999999,14,92.453,0.313999999999993,0.783733826247689
2024,Miami Grand Prix,PIA,McLaren,16,1,16,MEDIUM,92.785,2,44.7,28.5,83,751,2.96299999999999,15,92.453,0.331999999999994,0.767097966728281
2024,Miami Grand Prix,PIA,McLaren,17,1,17,MEDIUM,93.084,2,44.7,28.5,81.2,752,3.262,16,92.453,0.631,0.750462107208873
2024,Miami Grand Prix,PIA,McLaren,18,1,18,MEDIUM,92.975,2,44.7,28.5,79.4,753,3.15299999999999,17,92.453,0.521999999999991,0.733826247689464
2024,Miami Grand Prix,PIA,McLaren,19,1,19,MEDIUM,93.109,2,44.7,28.5,77.6,754,3.28699999999999,18,92.453,0.655999999999992,0.717190388170055
2024,Miami Grand Prix,PIA,McLaren,20,1,20,MEDIUM,92.63,2,44.7,28.5,75.8,755,2.80799999999999,19,92.453,0.176999999999992,0.700554528650647
2024,Miami Grand Prix,PIA,McLaren,21,1,21,MEDIUM,92.93,2,44.7,28.5,74,756,3.108,20,92.453,0.477000000000004,0.683918669131238
2024,Miami Grand Prix,PIA,McLaren,22,1,22,MEDIUM,92.716,2,44.7,28.5,72.2,757,2.89399999999999,21,92.453,0.262999999999991,0.66728280961183
2024,Miami Grand Prix,PIA,McLaren,24,1,24,MEDIUM,92.455,1,44.7,28.5,68.6,758,2.633,22,92.453,0.00199999999999534,0.634011090573013
2024,Miami Grand Prix,PIA,McLaren,25,1,25,MEDIUM,92.453,1,44.7,28.5,66.8,759,2.631,23,92.453,0,0.617375231053604
2024,Miami Grand Prix,PIA,McLaren,34,2,7,HARD,92.143,4,44.7,28.5,50.6,760,2.321,1,91.372,0.771000000000001,0.467652495378928
2024,Miami Grand Prix,PIA,McLaren,35,2,8,HARD,91.372,4,44.7,28.5,48.8,761,1.55,2,91.372,0,0.451016635859519
2024,Miami Grand Prix,PIA,McLaren,36,2,9,HARD,92.202,4,44.7,28.5,47,762,2.38,3,91.372,0.829999999999998,0.434380776340111
2024,Miami Grand Prix,PIA,McLaren,37,2,10,HARD,92.035,4,44.7,28.5,45.2,763,2.21299999999999,4,91.372,0.662999999999997,0.417744916820702
2024,Miami Grand Prix,PIA,McLaren,38,2,11,HARD,91.673,4,44.7,28.5,43.4,764,1.851,5,91.372,0.301000000000002,0.401109057301294
2024,Miami Grand Prix,PIA,McLaren,43,3,9,MEDIUM,90.634,19,44.7,28.5,34.4,765,0.811999999999998,1,90.634,0,0.317929759704251
2024,Miami Grand Prix,PIA,McLaren,44,3,10,MEDIUM,90.752,19,44.7,28.5,32.6,766,0.929999999999993,2,90.634,0.117999999999995,0.301293900184843
2024,Miami Grand Prix,PIA,McLaren,45,3,11,MEDIUM,91.286,19,44.7,28.5,30.8,767,1.464,3,90.634,0.652000000000001,0.284658040665434
2024,Miami Grand Prix,PIA,McLaren,46,3,12,MEDIUM,91.08,18,44.7,28.5,29,768,1.258,4,90.634,0.445999999999998,0.268022181146026
2024,Miami Grand Prix,PIA,McLaren,47,3,13,MEDIUM,91.641,18,44.7,28.5,27.2,769,1.819,5,90.634,1.00700000000001,0.251386321626617
2024,Miami Grand Prix,PIA,McLaren,48,3,14,MEDIUM,91.828,17,44.7,28.5,25.4,770,2.006,6,90.634,1.194,0.234750462107209
2024,Miami Grand Prix,PIA,McLaren,49,3,15,MEDIUM,91.95,17,44.7,28.5,23.6,771,2.128,7,90.634,1.316,0.2181146025878
2024,Miami Grand Prix,PIA,McLaren,50,3,16,MEDIUM,92.375,17,44.7,28.5,21.8,772,2.553,8,90.634,1.741,0.201478743068392
2024,Miami Grand Prix,PIA,McLaren,51,3,17,MEDIUM,92.849,17,44.7,28.5,20,773,3.027,9,90.634,2.215,0.184842883548983
2024,Miami Grand Prix,PIA,McLaren,52,3,18,MEDIUM,93.862,17,44.7,28.5,18.2,774,4.03999999999999,10,90.634,3.22799999999999,0.168207024029575
2024,Miami Grand Prix,PIA,McLaren,53,3,19,MEDIUM,92.61,16,44.7,28.5,16.4,775,2.788,11,90.634,1.976,0.151571164510166
2024,Miami Grand Prix,PIA,McLaren,54,3,20,MEDIUM,91.932,15,44.7,28.5,14.6,776,2.11,12,90.634,1.298,0.134935304990758
2024,Miami Grand Prix,PIA,McLaren,55,3,21,MEDIUM,91.665,15,44.7,28.5,12.8,777,1.843,13,90.634,1.03100000000001,0.118299445471349
2024,Miami Grand Prix,PIA,McLaren,56,3,22,MEDIUM,92.054,15,44.7,28.5,11,778,2.232,14,90.634,1.42,0.101663585951941
2024,Miami Grand Prix,PIA,McLaren,57,3,23,MEDIUM,92.15,14,44.7,28.5,9.2,779,2.328,15,90.634,1.51600000000001,0.0850277264325323
2024,Monaco Grand Prix,PIA,McLaren,3,2,3,HARD,84.953,2,46.3,21.6,106.4,780,11.208,1,76.281,8.672,0.983364140480592
2024,Monaco Grand Prix,PIA,McLaren,4,2,4,HARD,82.314,2,46.3,21.6,104.6,781,8.56899999999999,2,76.281,6.03299999999999,0.966728280961183
2024,Monaco Grand Prix,PIA,McLaren,5,2,5,HARD,82.019,2,46.3,21.6,102.8,782,8.274,3,76.281,5.738,0.950092421441774
2024,Monaco Grand Prix,PIA,McLaren,6,2,6,HARD,81.354,2,46.3,21.6,101,783,7.60899999999999,4,76.281,5.07299999999999,0.933456561922366
2024,Monaco Grand Prix,PIA,McLaren,7,2,7,HARD,80.808,2,46.3,21.6,99.2,784,7.063,5,76.281,4.527,0.916820702402958
2024,Monaco Grand Prix,PIA,McLaren,8,2,8,HARD,81.058,2,46.3,21.6,97.4,785,7.313,6,76.281,4.777,0.900184842883549
2024,Monaco Grand Prix,PIA,McLaren,9,2,9,HARD,79.906,2,46.3,21.6,95.6,786,6.161,7,76.281,3.625,0.88354898336414
2024,Monaco Grand Prix,PIA,McLaren,10,2,10,HARD,80.89,2,46.3,21.6,93.8,787,7.145,8,76.281,4.60899999999999,0.866913123844732
2024,Monaco Grand Prix,PIA,McLaren,11,2,11,HARD,80.898,2,46.3,21.6,92,788,7.15299999999999,9,76.281,4.61699999999999,0.850277264325323
2024,Monaco Grand Prix,PIA,McLaren,12,2,12,HARD,80.135,2,46.3,21.6,90.2,789,6.39,10,76.281,3.854,0.833641404805915
2024,Monaco Grand Prix,PIA,McLaren,13,2,13,HARD,78.745,2,46.3,21.6,88.4,790,5,11,76.281,2.464,0.817005545286506
2024,Monaco Grand Prix,PIA,McLaren,14,2,14,HARD,80.014,2,46.3,21.6,86.6,791,6.26899999999999,12,76.281,3.73299999999999,0.800369685767098
2024,Monaco Grand Prix,PIA,McLaren,15,2,15,HARD,80.264,2,46.3,21.6,84.8,792,6.51899999999999,13,76.281,3.98299999999999,0.783733826247689
2024,Monaco Grand Prix,PIA,McLaren,16,2,16,HARD,79.829,2,46.3,21.6,83,793,6.08399999999999,14,76.281,3.54799999999999,0.767097966728281
2024,Monaco Grand Prix,PIA,McLaren,17,2,17,HARD,80.028,2,46.3,21.6,81.2,794,6.283,15,76.281,3.747,0.750462107208873
2024,Monaco Grand Prix,PIA,McLaren,18,2,18,HARD,79.832,2,46.3,21.6,79.4,795,6.08699999999999,16,76.281,3.55099999999999,0.733826247689464
2024,Monaco Grand Prix,PIA,McLaren,19,2,19,HARD,79.179,2,46.3,21.6,77.6,796,5.434,17,76.281,2.898,0.717190388170055
2024,Monaco Grand Prix,PIA,McLaren,20,2,20,HARD,79.055,2,46.3,21.6,75.8,797,5.31,18,76.281,2.774,0.700554528650647
2024,Monaco Grand Prix,PIA,McLaren,21,2,21,HARD,78.601,2,46.3,21.6,74,798,4.85599999999999,19,76.281,2.31999999999999,0.683918669131238
2024,Monaco Grand Prix,PIA,McLaren,22,2,22,HARD,78.585,2,46.3,21.6,72.2,799,4.83999999999999,20,76.281,2.30399999999999,0.66728280961183
2024,Monaco Grand Prix,PIA,McLaren,23,2,23,HARD,78.658,2,46.3,21.6,70.4,800,4.913,21,76.281,2.377,0.650646950092421
2024,Monaco Grand Prix,PIA,McLaren,24,2,24,HARD,78.636,2,46.3,21.6,68.6,801,4.89099999999999,22,76.281,2.35499999999999,0.634011090573013
2024,Monaco Grand Prix,PIA,McLaren,25,2,25,HARD,78.784,2,46.3,21.6,66.8,802,5.039,23,76.281,2.503,0.617375231053604
2024,Monaco Grand Prix,PIA,McLaren,26,2,26,HARD,78.44,2,46.3,21.6,65,803,4.69499999999999,24,76.281,2.15899999999999,0.600739371534196
2024,Monaco Grand Prix,PIA,McLaren,27,2,27,HARD,78.523,2,46.3,21.6,63.2,804,4.77799999999999,25,76.281,2.24199999999999,0.584103512014787
2024,Monaco Grand Prix,PIA,McLaren,28,2,28,HARD,78.791,2,46.3,21.6,61.4,805,5.04599999999999,26,76.281,2.50999999999999,0.567467652495379
2024,Monaco Grand Prix,PIA,McLaren,29,2,29,HARD,79.01,2,46.3,21.6,59.6,806,5.265,27,76.281,2.729,0.55083179297597
2024,Monaco Grand Prix,PIA,McLaren,30,2,30,HARD,79.396,2,46.3,21.6,57.8,807,5.651,28,76.281,3.11499999999999,0.534195933456562
2024,Monaco Grand Prix,PIA,McLaren,31,2,31,HARD,78.449,2,46.3,21.6,56,808,4.70399999999999,29,76.281,2.16799999999999,0.517560073937153
2024,Monaco Grand Prix,PIA,McLaren,32,2,32,HARD,78.969,2,46.3,21.6,54.2,809,5.22399999999999,30,76.281,2.68799999999999,0.500924214417745
2024,Monaco Grand Prix,PIA,McLaren,33,2,33,HARD,79.06,2,46.3,21.6,52.4,810,5.315,31,76.281,2.779,0.484288354898336
2024,Monaco Grand Prix,PIA,McLaren,34,2,34,HARD,78.978,2,46.3,21.6,50.6,811,5.23299999999999,32,76.281,2.69699999999999,0.467652495378928
2024,Monaco Grand Prix,PIA,McLaren,35,2,35,HARD,78.605,2,46.3,21.6,48.8,812,4.86,33,76.281,2.324,0.451016635859519
2024,Monaco Grand Prix,PIA,McLaren,36,2,36,HARD,78.882,2,46.3,21.6,47,813,5.137,34,76.281,2.601,0.434380776340111
2024,Monaco Grand Prix,PIA,McLaren,37,2,37,HARD,78.612,2,46.3,21.6,45.2,814,4.86699999999999,35,76.281,2.33099999999999,0.417744916820702
2024,Monaco Grand Prix,PIA,McLaren,38,2,38,HARD,78.731,2,46.3,21.6,43.4,815,4.98599999999999,36,76.281,2.44999999999999,0.401109057301294
2024,Monaco Grand Prix,PIA,McLaren,39,2,39,HARD,78.362,2,46.3,21.6,41.6,816,4.61699999999999,37,76.281,2.08099999999999,0.384473197781885
2024,Monaco Grand Prix,PIA,McLaren,40,2,40,HARD,78.951,2,46.3,21.6,39.8,817,5.20599999999999,38,76.281,2.66999999999999,0.367837338262477
2024,Monaco Grand Prix,PIA,McLaren,41,2,41,HARD,78.846,2,46.3,21.6,38,818,5.101,39,76.281,2.565,0.351201478743068
2024,Monaco Grand Prix,PIA,McLaren,42,2,42,HARD,79.795,2,46.3,21.6,36.2,819,6.05,40,76.281,3.514,0.33456561922366
2024,Monaco Grand Prix,PIA,McLaren,43,2,43,HARD,78.198,2,46.3,21.6,34.4,820,4.45299999999999,41,76.281,1.91699999999999,0.317929759704251
2024,Monaco Grand Prix,PIA,McLaren,44,2,44,HARD,78.277,2,46.3,21.6,32.6,821,4.532,42,76.281,1.996,0.301293900184843
2024,Monaco Grand Prix,PIA,McLaren,45,2,45,HARD,78.082,2,46.3,21.6,30.8,822,4.33699999999999,43,76.281,1.80099999999999,0.284658040665434
2024,Monaco Grand Prix,PIA,McLaren,46,2,46,HARD,78.623,2,46.3,21.6,29,823,4.878,44,76.281,2.342,0.268022181146026
2024,Monaco Grand Prix,PIA,McLaren,47,2,47,HARD,78.399,2,46.3,21.6,27.2,824,4.654,45,76.281,2.11799999999999,0.251386321626617
2024,Monaco Grand Prix,PIA,McLaren,48,2,48,HARD,78.395,2,46.3,21.6,25.4,825,4.64999999999999,46,76.281,2.11399999999999,0.234750462107209
2024,Monaco Grand Prix,PIA,McLaren,49,2,49,HARD,78.136,2,46.3,21.6,23.6,826,4.39099999999999,47,76.281,1.85499999999999,0.2181146025878
2024,Monaco Grand Prix,PIA,McLaren,50,2,50,HARD,78.35,2,46.3,21.6,21.8,827,4.60499999999999,48,76.281,2.06899999999999,0.201478743068392
2024,Monaco Grand Prix,PIA,McLaren,51,2,51,HARD,77.909,2,46.3,21.6,20,828,4.164,49,76.281,1.628,0.184842883548983
2024,Monaco Grand Prix,PIA,McLaren,52,2,52,HARD,78.214,2,46.3,21.6,18.2,829,4.46899999999999,50,76.281,1.93299999999999,0.168207024029575
2024,Monaco Grand Prix,PIA,McLaren,54,2,54,HARD,77.362,2,46.3,21.6,14.6,830,3.61699999999999,51,76.281,1.08099999999999,0.134935304990758
2024,Monaco Grand Prix,PIA,McLaren,55,2,55,HARD,77.445,2,46.3,21.6,12.8,831,3.69999999999999,52,76.281,1.16399999999999,0.118299445471349
2024,Monaco Grand Prix,PIA,McLaren,56,2,56,HARD,77.456,2,46.3,21.6,11,832,3.711,53,76.281,1.175,0.101663585951941
2024,Monaco Grand Prix,PIA,McLaren,57,2,57,HARD,77.3,2,46.3,21.6,9.2,833,3.55499999999999,54,76.281,1.01899999999999,0.0850277264325323
2024,Monaco Grand Prix,PIA,McLaren,58,2,58,HARD,77.344,2,46.3,21.6,7.4,834,3.59899999999999,55,76.281,1.06299999999999,0.0683918669131238
2024,Monaco Grand Prix,PIA,McLaren,59,2,59,HARD,77.042,2,46.3,21.6,5.6,835,3.297,56,76.281,0.760999999999996,0.0517560073937153
2024,Monaco Grand Prix,PIA,McLaren,60,2,60,HARD,76.617,2,46.3,21.6,3.8,836,2.872,57,76.281,0.335999999999999,0.0351201478743068
2024,Monaco Grand Prix,PIA,McLaren,61,2,61,HARD,76.771,2,46.3,21.6,2,837,3.026,58,76.281,0.489999999999995,0.0184842883548983
2024,Monaco Grand Prix,PIA,McLaren,62,2,62,HARD,77.095,2,46.3,21.6,0.2,838,3.34999999999999,59,76.281,0.813999999999993,0.00184842883548983
2024,Monaco Grand Prix,PIA,McLaren,63,2,63,HARD,76.921,2,46.3,21.6,0,839,3.176,60,76.281,0.640000000000001,0
2024,Monaco Grand Prix,PIA,McLaren,64,2,64,HARD,76.909,2,46.3,21.6,0,840,3.164,61,76.281,0.628,0
2024,Monaco Grand Prix,PIA,McLaren,65,2,65,HARD,76.391,2,46.3,21.6,0,841,2.646,62,76.281,0.109999999999999,0
2024,Monaco Grand Prix,PIA,McLaren,66,2,66,HARD,76.64,2,46.3,21.6,0,842,2.895,63,76.281,0.358999999999995,0
2024,Monaco Grand Prix,PIA,McLaren,67,2,67,HARD,76.596,2,46.3,21.6,0,843,2.851,64,76.281,0.314999999999998,0
2024,Monaco Grand Prix,PIA,McLaren,68,2,68,HARD,76.601,2,46.3,21.6,0,844,2.85599999999999,65,76.281,0.319999999999993,0
2024,Monaco Grand Prix,PIA,McLaren,69,2,69,HARD,77.371,2,46.3,21.6,0,845,3.62599999999999,66,76.281,1.08999999999999,0
2024,Monaco Grand Prix,PIA,McLaren,70,2,70,HARD,77.27,2,46.3,21.6,0,846,3.52499999999999,67,76.281,0.98899999999999,0
2024,Monaco Grand Prix,PIA,McLaren,71,2,71,HARD,77.184,2,46.3,21.6,0,847,3.43899999999999,68,76.281,0.902999999999992,0
2024,Monaco Grand Prix,PIA,McLaren,72,2,72,HARD,76.652,2,46.3,21.6,0,848,2.907,69,76.281,0.370999999999995,0
2024,Monaco Grand Prix,PIA,McLaren,73,2,73,HARD,76.281,2,46.3,21.6,0,849,2.536,70,76.281,0,0
2024,Monaco Grand Prix,PIA,McLaren,74,2,74,HARD,76.356,2,46.3,21.6,0,850,2.61099999999999,71,76.281,0.0749999999999886,0
2024,Monaco Grand Prix,PIA,McLaren,75,2,75,HARD,76.644,2,46.3,21.6,0,851,2.899,72,76.281,0.363,0
2024,Monaco Grand Prix,PIA,McLaren,76,2,76,HARD,76.59,2,46.3,21.6,0,852,2.845,73,76.281,0.308999999999997,0
2024,Monaco Grand Prix,PIA,McLaren,77,2,77,HARD,76.734,2,46.3,21.6,0,853,2.98899999999999,74,76.281,0.452999999999989,0
2024,Monaco Grand Prix,PIA,McLaren,78,2,78,HARD,77.126,2,46.3,21.6,0,854,3.381,75,76.281,0.844999999999999,0
2024,Qatar Grand Prix,PIA,McLaren,6,1,6,MEDIUM,87.02,4,22.8,18.9,101,855,3.80199999999999,1,84.71,2.31,0.933456561922366
2024,Qatar Grand Prix,PIA,McLaren,7,1,7,MEDIUM,86.851,4,22.8,18.9,99.2,856,3.633,2,84.71,2.14100000000001,0.916820702402958
2024,Qatar Grand Prix,PIA,McLaren,8,1,8,MEDIUM,86.322,4,22.8,18.9,97.4,857,3.104,3,84.71,1.61200000000001,0.900184842883549
2024,Qatar Grand Prix,PIA,McLaren,9,1,9,MEDIUM,86.464,4,22.8,18.9,95.6,858,3.246,4,84.71,1.754,0.88354898336414
2024,Qatar Grand Prix,PIA,McLaren,10,1,10,MEDIUM,86.169,4,22.8,18.9,93.8,859,2.95099999999999,5,84.71,1.459,0.866913123844732
2024,Qatar Grand Prix,PIA,McLaren,11,1,11,MEDIUM,86.382,4,22.8,18.9,92,860,3.164,6,84.71,1.67200000000001,0.850277264325323
2024,Qatar Grand Prix,PIA,McLaren,12,1,12,MEDIUM,86.288,4,22.8,18.9,90.2,861,3.06999999999999,7,84.71,1.578,0.833641404805915
2024,Qatar Grand Prix,PIA,McLaren,13,1,13,MEDIUM,86.035,4,22.8,18.9,88.4,862,2.81699999999999,8,84.71,1.325,0.817005545286506
2024,Qatar Grand Prix,PIA,McLaren,14,1,14,MEDIUM,86.056,4,22.8,18.9,86.6,863,2.83799999999999,9,84.71,1.346,0.800369685767098
2024,Qatar Grand Prix,PIA,McLaren,15,1,15,MEDIUM,85.803,4,22.8,18.9,84.8,864,2.58499999999999,10,84.71,1.093,0.783733826247689
2024,Qatar Grand Prix,PIA,McLaren,16,1,16,MEDIUM,86.474,4,22.8,18.9,83,865,3.256,11,84.71,1.76400000000001,0.767097966728281
2024,Qatar Grand Prix,PIA,McLaren,17,1,17,MEDIUM,86.031,4,22.8,18.9,81.2,866,2.813,12,84.71,1.32100000000001,0.750462107208873
2024,Qatar Grand Prix,PIA,McLaren,18,1,18,MEDIUM,85.703,4,22.8,18.9,79.4,867,2.485,13,84.71,0.993000000000009,0.733826247689464
2024,Qatar Grand Prix,PIA,McLaren,19,1,19,MEDIUM,85.494,4,22.8,18.9,77.6,868,2.276,14,84.71,0.784000000000006,0.717190388170055
2024,Qatar Grand Prix,PIA,McLaren,20,1,20,MEDIUM,85.517,4,22.8,18.9,75.8,869,2.29899999999999,15,84.71,0.807000000000002,0.700554528650647
2024,Qatar Grand Prix,PIA,McLaren,21,1,21,MEDIUM,85.366,4,22.8,18.9,74,870,2.148,16,84.71,0.656000000000006,0.683918669131238
2024,Qatar Grand Prix,PIA,McLaren,22,1,22,MEDIUM,85.218,4,22.8,18.9,72.2,871,2,17,84.71,0.50800000000001,0.66728280961183
2024,Qatar Grand Prix,PIA,McLaren,23,1,23,MEDIUM,85.634,3,22.8,18.9,70.4,872,2.416,18,84.71,0.924000000000007,0.650646950092421
2024,Qatar Grand Prix,PIA,McLaren,24,1,24,MEDIUM,84.75,3,22.8,18.9,68.6,873,1.532,19,84.71,0.0400000000000063,0.634011090573013
2024,Qatar Grand Prix,PIA,McLaren,25,1,25,MEDIUM,84.897,3,22.8,18.9,66.8,874,1.679,20,84.71,0.187000000000012,0.617375231053604
2024,Qatar Grand Prix,PIA,McLaren,26,1,26,MEDIUM,84.898,3,22.8,18.9,65,875,1.67999999999999,21,84.71,0.188000000000002,0.600739371534196
2024,Qatar Grand Prix,PIA,McLaren,27,1,27,MEDIUM,84.727,3,22.8,18.9,63.2,876,1.509,22,84.71,0.0170000000000101,0.584103512014787
2024,Qatar Grand Prix,PIA,McLaren,28,1,28,MEDIUM,84.71,3,22.8,18.9,61.4,877,1.49199999999999,23,84.71,0,0.567467652495379
2024,Qatar Grand Prix,PIA,McLaren,31,1,31,MEDIUM,84.883,3,22.8,18.9,56,878,1.66499999999999,24,84.71,0.173000000000002,0.517560073937153
2024,Qatar Grand Prix,PIA,McLaren,32,1,32,MEDIUM,84.894,3,22.8,18.9,54.2,879,1.676,25,84.71,0.184000000000012,0.500924214417745
2024,Qatar Grand Prix,PIA,McLaren,44,4,10,HARD,84.301,4,22.8,18.9,32.6,880,1.083,1,83.218,1.083,0.301293900184843
2024,Qatar Grand Prix,PIA,McLaren,45,4,11,HARD,83.98,3,22.8,18.9,30.8,881,0.762,2,83.218,0.762,0.284658040665434
2024,Qatar Grand Prix,PIA,McLaren,46,4,12,HARD,83.909,3,22.8,18.9,29,882,0.691000000000003,3,83.218,0.691000000000003,0.268022181146026
2024,Qatar Grand Prix,PIA,McLaren,47,4,13,HARD,83.568,3,22.8,18.9,27.2,883,0.349999999999994,4,83.218,0.349999999999994,0.251386321626617
2024,Qatar Grand Prix,PIA,McLaren,48,4,14,HARD,83.624,3,22.8,18.9,25.4,884,0.405999999999992,5,83.218,0.405999999999992,0.234750462107209
2024,Qatar Grand Prix,PIA,McLaren,49,4,15,HARD,83.623,3,22.8,18.9,23.6,885,0.405000000000001,6,83.218,0.405000000000001,0.2181146025878
2024,Qatar Grand Prix,PIA,McLaren,50,4,16,HARD,83.625,3,22.8,18.9,21.8,886,0.406999999999996,7,83.218,0.406999999999996,0.201478743068392
2024,Qatar Grand Prix,PIA,McLaren,51,4,17,HARD,83.218,3,22.8,18.9,20,887,0,8,83.218,0,0.184842883548983
2024,Qatar Grand Prix,PIA,McLaren,52,4,18,HARD,83.478,3,22.8,18.9,18.2,888,0.259999999999991,9,83.218,0.259999999999991,0.168207024029575
2024,Qatar Grand Prix,PIA,McLaren,53,4,19,HARD,83.523,3,22.8,18.9,16.4,889,0.304999999999993,10,83.218,0.304999999999993,0.151571164510166
2024,Qatar Grand Prix,PIA,McLaren,54,4,20,HARD,83.37,3,22.8,18.9,14.6,890,0.152000000000001,11,83.218,0.152000000000001,0.134935304990758
2024,Qatar Grand Prix,PIA,McLaren,55,4,21,HARD,83.269,3,22.8,18.9,12.8,891,0.0510000000000019,12,83.218,0.0510000000000019,0.118299445471349
2024,Qatar Grand Prix,PIA,McLaren,56,4,22,HARD,83.313,3,22.8,18.9,11,892,0.0949999999999989,13,83.218,0.0949999999999989,0.101663585951941
2024,Qatar Grand Prix,PIA,McLaren,57,4,23,HARD,83.241,3,22.8,18.9,9.2,893,0.0229999999999961,14,83.218,0.0229999999999961,0.0850277264325323
2024,Saudi Arabian Grand Prix,PIA,McLaren,2,1,2,MEDIUM,95.082,4,31.6,25.5,108.2,894,2.854,1,94.379,0.702999999999989,1
2024,Saudi Arabian Grand Prix,PIA,McLaren,3,1,3,MEDIUM,94.379,4,31.6,25.5,106.4,895,2.15100000000001,2,94.379,0,0.983364140480592
2024,Saudi Arabian Grand Prix,PIA,McLaren,4,1,4,MEDIUM,94.589,4,31.6,25.5,104.6,896,2.361,3,94.379,0.209999999999994,0.966728280961183
2024,Saudi Arabian Grand Prix,PIA,McLaren,5,1,5,MEDIUM,94.557,4,31.6,25.5,102.8,897,2.32900000000001,4,94.379,0.177999999999997,0.950092421441774
2024,Saudi Arabian Grand Prix,PIA,McLaren,11,2,5,HARD,94.448,6,31.6,25.5,92,898,2.22,1,92.31,2.13799999999999,0.850277264325323
2024,Saudi Arabian Grand Prix,PIA,McLaren,12,2,6,HARD,93.946,6,31.6,25.5,90.2,899,1.718,2,92.31,1.636,0.833641404805915
2024,Saudi Arabian Grand Prix,PIA,McLaren,13,2,7,HARD,94.34,6,31.6,25.5,88.4,900,2.11200000000001,3,92.31,2.03,0.817005545286506
2024,Saudi Arabian Grand Prix,PIA,McLaren,14,2,8,HARD,94.431,6,31.6,25.5,86.6,901,2.203,4,92.31,2.121,0.800369685767098
2024,Saudi Arabian Grand Prix,PIA,McLaren,15,2,9,HARD,94.309,6,31.6,25.5,84.8,902,2.081,5,92.31,1.999,0.783733826247689
2024,Saudi Arabian Grand Prix,PIA,McLaren,16,2,10,HARD,94.379,6,31.6,25.5,83,903,2.15100000000001,6,92.31,2.069,0.767097966728281
2024,Saudi Arabian Grand Prix,PIA,McLaren,17,2,11,HARD,95.057,6,31.6,25.5,81.2,904,2.82900000000001,7,92.31,2.747,0.750462107208873
2024,Saudi Arabian Grand Prix,PIA,McLaren,18,2,12,HARD,94.075,6,31.6,25.5,79.4,905,1.84700000000001,8,92.31,1.765,0.733826247689464
2024,Saudi Arabian Grand Prix,PIA,McLaren,19,2,13,HARD,94.631,6,31.6,25.5,77.6,906,2.40300000000001,9,92.31,2.321,0.717190388170055
2024,Saudi Arabian Grand Prix,PIA,McLaren,20,2,14,HARD,94.324,6,31.6,25.5,75.8,907,2.096,10,92.31,2.014,0.700554528650647
2024,Saudi Arabian Grand Prix,PIA,McLaren,21,2,15,HARD,93.793,6,31.6,25.5,74,908,1.56500000000001,11,92.31,1.483,0.683918669131238
2024,Saudi Arabian Grand Prix,PIA,McLaren,22,2,16,HARD,94.76,6,31.6,25.5,72.2,909,2.53200000000001,12,92.31,2.45,0.66728280961183
2024,Saudi Arabian Grand Prix,PIA,McLaren,23,2,17,HARD,93.715,6,31.6,25.5,70.4,910,1.48700000000001,13,92.31,1.405,0.650646950092421
2024,Saudi Arabian Grand Prix,PIA,McLaren,24,2,18,HARD,94.097,6,31.6,25.5,68.6,911,1.869,14,92.31,1.78699999999999,0.634011090573013
2024,Saudi Arabian Grand Prix,PIA,McLaren,25,2,19,HARD,93.694,6,31.6,25.5,66.8,912,1.46600000000001,15,92.31,1.384,0.617375231053604
2024,Saudi Arabian Grand Prix,PIA,McLaren,26,2,20,HARD,93.312,6,31.6,25.5,65,913,1.084,16,92.31,1.002,0.600739371534196
2024,Saudi Arabian Grand Prix,PIA,McLaren,27,2,21,HARD,93.998,6,31.6,25.5,63.2,914,1.77000000000001,17,92.31,1.688,0.584103512014787
2024,Saudi Arabian Grand Prix,PIA,McLaren,28,2,22,HARD,93.527,6,31.6,25.5,61.4,915,1.29900000000001,18,92.31,1.217,0.567467652495379
2024,Saudi Arabian Grand Prix,PIA,McLaren,29,2,23,HARD,93.821,6,31.6,25.5,59.6,916,1.593,19,92.31,1.511,0.55083179297597
2024,Saudi Arabian Grand Prix,PIA,McLaren,30,2,24,HARD,93.376,6,31.6,25.5,57.8,917,1.14800000000001,20,92.31,1.066,0.534195933456562
2024,Saudi Arabian Grand Prix,PIA,McLaren,31,2,25,HARD,93.352,6,31.6,25.5,56,918,1.12400000000001,21,92.31,1.042,0.517560073937153
2024,Saudi Arabian Grand Prix,PIA,McLaren,32,2,26,HARD,93.261,6,31.6,25.5,54.2,919,1.033,22,92.31,0.950999999999993,0.500924214417745
2024,Saudi Arabian Grand Prix,PIA,McLaren,33,2,27,HARD,93.29,6,31.6,25.5,52.4,920,1.06200000000001,23,92.31,0.980000000000004,0.484288354898336
2024,Saudi Arabian Grand Prix,PIA,McLaren,34,2,28,HARD,93.405,6,31.6,25.5,50.6,921,1.17700000000001,24,92.31,1.095,0.467652495378928
2024,Saudi Arabian Grand Prix,PIA,McLaren,35,2,29,HARD,94.118,6,31.6,25.5,48.8,922,1.89,25,92.31,1.80799999999999,0.451016635859519
2024,Saudi Arabian Grand Prix,PIA,McLaren,36,2,30,HARD,93.029,5,31.6,25.5,47,923,0.801000000000002,26,92.31,0.718999999999994,0.434380776340111
2024,Saudi Arabian Grand Prix,PIA,McLaren,37,2,31,HARD,92.934,5,31.6,25.5,45.2,924,0.706000000000003,27,92.31,0.623999999999995,0.417744916820702
2024,Saudi Arabian Grand Prix,PIA,McLaren,38,2,32,HARD,93.087,4,31.6,25.5,43.4,925,0.859000000000009,28,92.31,0.777000000000001,0.401109057301294
2024,Saudi Arabian Grand Prix,PIA,McLaren,39,2,33,HARD,92.675,4,31.6,25.5,41.6,926,0.447000000000003,29,92.31,0.364999999999995,0.384473197781885
2024,Saudi Arabian Grand Prix,PIA,McLaren,40,2,34,HARD,92.603,4,31.6,25.5,39.8,927,0.375,30,92.31,0.292999999999992,0.367837338262477
2024,Saudi Arabian Grand Prix,PIA,McLaren,41,2,35,HARD,92.545,4,31.6,25.5,38,928,0.317000000000007,31,92.31,0.234999999999999,0.351201478743068
2024,Saudi Arabian Grand Prix,PIA,McLaren,42,2,36,HARD,92.453,4,31.6,25.5,36.2,929,0.225000000000009,32,92.31,0.143000000000001,0.33456561922366
2024,Saudi Arabian Grand Prix,PIA,McLaren,43,2,37,HARD,92.521,4,31.6,25.5,34.4,930,0.293000000000006,33,92.31,0.210999999999999,0.317929759704251
2024,Saudi Arabian Grand Prix,PIA,McLaren,44,2,38,HARD,92.539,4,31.6,25.5,32.6,931,0.311000000000007,34,92.31,0.228999999999999,0.301293900184843
2024,Saudi Arabian Grand Prix,PIA,McLaren,45,2,39,HARD,92.31,4,31.6,25.5,30.8,932,0.0820000000000078,35,92.31,0,0.284658040665434
2024,Saudi Arabian Grand Prix,PIA,McLaren,46,2,40,HARD,92.557,4,31.6,25.5,29,933,0.329000000000008,36,92.31,0.247,0.268022181146026
2024,Saudi Arabian Grand Prix,PIA,McLaren,47,2,41,HARD,92.574,4,31.6,25.5,27.2,934,0.346000000000004,37,92.31,0.263999999999996,0.251386321626617
2024,Saudi Arabian Grand Prix,PIA,McLaren,48,2,42,HARD,92.657,4,31.6,25.5,25.4,935,0.429000000000002,38,92.31,0.346999999999994,0.234750462107209
2024,Saudi Arabian Grand Prix,PIA,McLaren,49,2,43,HARD,92.588,4,31.6,25.5,23.6,936,0.359999999999999,39,92.31,0.277999999999992,0.2181146025878
2024,Saudi Arabian Grand Prix,PIA,McLaren,50,2,44,HARD,92.769,4,31.6,25.5,21.8,937,0.541000000000011,40,92.31,0.459000000000003,0.201478743068392
2024,Singapore Grand Prix,PIA,McLaren,2,1,2,MEDIUM,98.939,5,36.4,30.8,108.2,938,3.19399999999999,1,97.651,1.288,1
2024,Singapore Grand Prix,PIA,McLaren,3,1,3,MEDIUM,99.35,5,36.4,30.8,106.4,939,3.60499999999999,2,97.651,1.699,0.983364140480592
2024,Singapore Grand Prix,PIA,McLaren,4,1,4,MEDIUM,99.356,5,36.4,30.8,104.6,940,3.61099999999999,3,97.651,1.705,0.966728280961183
2024,Singapore Grand Prix,PIA,McLaren,5,1,5,MEDIUM,98.667,5,36.4,30.8,102.8,941,2.922,4,97.651,1.01600000000001,0.950092421441774
2024,Singapore Grand Prix,PIA,McLaren,6,1,6,MEDIUM,98.778,5,36.4,30.8,101,942,3.033,5,97.651,1.12700000000001,0.933456561922366
2024,Singapore Grand Prix,PIA,McLaren,7,1,7,MEDIUM,98.419,5,36.4,30.8,99.2,943,2.67399999999999,6,97.651,0.768000000000001,0.916820702402958
2024,Singapore Grand Prix,PIA,McLaren,8,1,8,MEDIUM,97.873,5,36.4,30.8,97.4,944,2.128,7,97.651,0.222000000000008,0.900184842883549
2024,Singapore Grand Prix,PIA,McLaren,9,1,9,MEDIUM,98.446,5,36.4,30.8,95.6,945,2.70099999999999,8,97.651,0.795000000000002,0.88354898336414
2024,Singapore Grand Prix,PIA,McLaren,10,1,10,MEDIUM,98.429,5,36.4,30.8,93.8,946,2.684,9,97.651,0.778000000000006,0.866913123844732
2024,Singapore Grand Prix,PIA,McLaren,11,1,11,MEDIUM,98.269,5,36.4,30.8,92,947,2.524,10,97.651,0.618000000000009,0.850277264325323
2024,Singapore Grand Prix,PIA,McLaren,12,1,12,MEDIUM,98.151,5,36.4,30.8,90.2,948,2.40599999999999,11,97.651,0.5,0.833641404805915
2024,Singapore Grand Prix,PIA,McLaren,13,1,13,MEDIUM,98.215,5,36.4,30.8,88.4,949,2.47,12,97.651,0.564000000000007,0.817005545286506
2024,Singapore Grand Prix,PIA,McLaren,14,1,14,MEDIUM,97.651,5,36.4,30.8,86.6,950,1.90599999999999,13,97.651,0,0.800369685767098
2024,Singapore Grand Prix,PIA,McLaren,15,1,15,MEDIUM,98.435,5,36.4,30.8,84.8,951,2.69,14,97.651,0.784000000000006,0.783733826247689
2024,Singapore Grand Prix,PIA,McLaren,16,1,16,MEDIUM,98.088,5,36.4,30.8,83,952,2.34299999999999,15,97.651,0.436999999999998,0.767097966728281
2024,Singapore Grand Prix,PIA,McLaren,17,1,17,MEDIUM,98.532,4,36.4,30.8,81.2,953,2.78699999999999,16,97.651,0.881,0.750462107208873
2024,Singapore Grand Prix,PIA,McLaren,18,1,18,MEDIUM,98.188,4,36.4,30.8,79.4,954,2.443,17,97.651,0.537000000000006,0.733826247689464
2024,Singapore Grand Prix,PIA,McLaren,19,1,19,MEDIUM,98.749,4,36.4,30.8,77.6,955,3.00399999999999,18,97.651,1.098,0.717190388170055
2024,Singapore Grand Prix,PIA,McLaren,20,1,20,MEDIUM,98.317,4,36.4,30.8,75.8,956,2.57199999999999,19,97.651,0.665999999999997,0.700554528650647
2024,Singapore Grand Prix,PIA,McLaren,21,1,21,MEDIUM,98.275,4,36.4,30.8,74,957,2.53,20,97.651,0.624000000000009,0.683918669131238
2024,Singapore Grand Prix,PIA,McLaren,22,1,22,MEDIUM,98.415,4,36.4,30.8,72.2,958,2.67,21,97.651,0.76400000000001,0.66728280961183
2024,Singapore Grand Prix,PIA,McLaren,23,1,23,MEDIUM,98.262,4,36.4,30.8,70.4,959,2.517,22,97.651,0.611000000000004,0.650646950092421
2024,Singapore Grand Prix,PIA,McLaren,24,1,24,MEDIUM,98.403,4,36.4,30.8,68.6,960,2.658,23,97.651,0.75200000000001,0.634011090573013
2024,Singapore Grand Prix,PIA,McLaren,25,1,25,MEDIUM,98.516,4,36.4,30.8,66.8,961,2.771,24,97.651,0.865000000000009,0.617375231053604
2024,Singapore Grand Prix,PIA,McLaren,26,1,26,MEDIUM,98.839,4,36.4,30.8,65,962,3.09399999999999,25,97.651,1.188,0.600739371534196
2024,Singapore Grand Prix,PIA,McLaren,27,1,27,MEDIUM,98.644,3,36.4,30.8,63.2,963,2.899,26,97.651,0.993000000000009,0.584103512014787
2024,Singapore Grand Prix,PIA,McLaren,28,1,28,MEDIUM,97.7,3,36.4,30.8,61.4,964,1.955,27,97.651,0.0490000000000066,0.567467652495379
2024,Singapore Grand Prix,PIA,McLaren,29,1,29,MEDIUM,97.944,3,36.4,30.8,59.6,965,2.199,28,97.651,0.293000000000006,0.55083179297597
2024,Singapore Grand Prix,PIA,McLaren,30,1,30,MEDIUM,98.29,2,36.4,30.8,57.8,966,2.545,29,97.651,0.63900000000001,0.534195933456562
2024,Singapore Grand Prix,PIA,McLaren,31,1,31,MEDIUM,98.149,2,36.4,30.8,56,967,2.404,30,97.651,0.498000000000005,0.517560073937153
2024,Singapore Grand Prix,PIA,McLaren,32,1,32,MEDIUM,98.194,2,36.4,30.8,54.2,968,2.449,31,97.651,0.543000000000006,0.500924214417745
2024,Singapore Grand Prix,PIA,McLaren,33,1,33,MEDIUM,98.288,2,36.4,30.8,52.4,969,2.54299999999999,32,97.651,0.637,0.484288354898336
2024,Singapore Grand Prix,PIA,McLaren,34,1,34,MEDIUM,98.038,2,36.4,30.8,50.6,970,2.29299999999999,33,97.651,0.387,0.467652495378928
2024,Singapore Grand Prix,PIA,McLaren,35,1,35,MEDIUM,98.322,2,36.4,30.8,48.8,971,2.577,34,97.651,0.671000000000006,0.451016635859519
2024,Singapore Grand Prix,PIA,McLaren,36,1,36,MEDIUM,98.147,2,36.4,30.8,47,972,2.402,35,97.651,0.496000000000009,0.434380776340111
2024,Singapore Grand Prix,PIA,McLaren,41,2,3,HARD,96.265,4,36.4,30.8,38,973,0.519999999999996,1,95.745,0.519999999999996,0.351201478743068
2024,Singapore Grand Prix,PIA,McLaren,42,2,4,HARD,95.888,4,36.4,30.8,36.2,974,0.143000000000001,2,95.745,0.143000000000001,0.33456561922366
2024,Singapore Grand Prix,PIA,McLaren,43,2,5,HARD,96.167,4,36.4,30.8,34.4,975,0.421999999999997,3,95.745,0.421999999999997,0.317929759704251
2024,Singapore Grand Prix,PIA,McLaren,44,2,6,HARD,97.363,4,36.4,30.8,32.6,976,1.61799999999999,4,95.745,1.61799999999999,0.301293900184843
2024,Singapore Grand Prix,PIA,McLaren,45,2,7,HARD,97.258,3,36.4,30.8,30.8,977,1.51299999999999,5,95.745,1.51299999999999,0.284658040665434
2024,Singapore Grand Prix,PIA,McLaren,46,2,8,HARD,96.324,3,36.4,30.8,29,978,0.578999999999994,6,95.745,0.578999999999994,0.268022181146026
2024,Singapore Grand Prix,PIA,McLaren,47,2,9,HARD,96.33,3,36.4,30.8,27.2,979,0.584999999999994,7,95.745,0.584999999999994,0.251386321626617
2024,Singapore Grand Prix,PIA,McLaren,48,2,10,HARD,95.745,3,36.4,30.8,25.4,980,0,8,95.745,0,0.234750462107209
2024,Singapore Grand Prix,PIA,McLaren,49,2,11,HARD,95.881,3,36.4,30.8,23.6,981,0.135999999999996,9,95.745,0.135999999999996,0.2181146025878
2024,Singapore Grand Prix,PIA,McLaren,50,2,12,HARD,98.31,3,36.4,30.8,21.8,982,2.565,10,95.745,2.565,0.201478743068392
2024,Singapore Grand Prix,PIA,McLaren,51,2,13,HARD,97.269,3,36.4,30.8,20,983,1.524,11,95.745,1.524,0.184842883548983
2024,Singapore Grand Prix,PIA,McLaren,52,2,14,HARD,96.856,3,36.4,30.8,18.2,984,1.11099999999999,12,95.745,1.11099999999999,0.168207024029575
2024,Singapore Grand Prix,PIA,McLaren,53,2,15,HARD,97.406,3,36.4,30.8,16.4,985,1.661,13,95.745,1.661,0.151571164510166
2024,Singapore Grand Prix,PIA,McLaren,54,2,16,HARD,96.841,3,36.4,30.8,14.6,986,1.09599999999999,14,95.745,1.09599999999999,0.134935304990758
2024,Singapore Grand Prix,PIA,McLaren,55,2,17,HARD,95.995,3,36.4,30.8,12.8,987,0.25,15,95.745,0.25,0.118299445471349
2024,Singapore Grand Prix,PIA,McLaren,56,2,18,HARD,96.355,3,36.4,30.8,11,988,0.609999999999999,16,95.745,0.609999999999999,0.101663585951941
2024,Singapore Grand Prix,PIA,McLaren,57,2,19,HARD,96.07,3,36.4,30.8,9.2,989,0.324999999999989,17,95.745,0.324999999999989,0.0850277264325323
2024,Singapore Grand Prix,PIA,McLaren,58,2,20,HARD,96.056,3,36.4,30.8,7.4,990,0.310999999999993,18,95.745,0.310999999999993,0.0683918669131238
2024,Singapore Grand Prix,PIA,McLaren,59,2,21,HARD,97.009,3,36.4,30.8,5.6,991,1.264,19,95.745,1.264,0.0517560073937153
2024,Singapore Grand Prix,PIA,McLaren,60,2,22,HARD,97.191,3,36.4,30.8,3.8,992,1.446,20,95.745,1.446,0.0351201478743068
2024,Singapore Grand Prix,PIA,McLaren,61,2,23,HARD,97.407,3,36.4,30.8,2,993,1.66199999999999,21,95.745,1.66199999999999,0.0184842883548983
2024,Singapore Grand Prix,PIA,McLaren,62,2,24,HARD,96.869,3,36.4,30.8,0.2,994,1.124,22,95.745,1.124,0.00184842883548983
2024,Spanish Grand Prix,PIA,McLaren,2,1,5,SOFT,81.607,8,41.1,24.1,108.2,995,5.864,1,80.765,0.841999999999999,1
2024,Spanish Grand Prix,PIA,McLaren,3,1,6,SOFT,80.765,8,41.1,24.1,106.4,996,5.02200000000001,2,80.765,0,0.983364140480592
2024,Spanish Grand Prix,PIA,McLaren,4,1,7,SOFT,80.797,8,41.1,24.1,104.6,997,5.054,3,80.765,0.0319999999999965,0.966728280961183
2024,Spanish Grand Prix,PIA,McLaren,5,1,8,SOFT,81.215,8,41.1,24.1,102.8,998,5.47200000000001,4,80.765,0.450000000000003,0.950092421441774
2024,Spanish Grand Prix,PIA,McLaren,6,1,9,SOFT,81.056,8,41.1,24.1,101,999,5.313,5,80.765,0.290999999999997,0.933456561922366
2024,Spanish Grand Prix,PIA,McLaren,7,1,10,SOFT,81.416,8,41.1,24.1,99.2,1000,5.673,6,80.765,0.650999999999996,0.916820702402958
2024,Spanish Grand Prix,PIA,McLaren,8,1,11,SOFT,81.53,8,41.1,24.1,97.4,1001,5.78700000000001,7,80.765,0.765000000000001,0.900184842883549
2024,Spanish Grand Prix,PIA,McLaren,9,1,12,SOFT,81.5,8,41.1,24.1,95.6,1002,5.75700000000001,8,80.765,0.734999999999999,0.88354898336414
2024,Spanish Grand Prix,PIA,McLaren,10,1,13,SOFT,82.049,8,41.1,24.1,93.8,1003,6.30600000000001,9,80.765,1.28400000000001,0.866913123844732
2024,Spanish Grand Prix,PIA,McLaren,11,1,14,SOFT,81.486,8,41.1,24.1,92,1004,5.74300000000001,10,80.765,0.721000000000004,0.850277264325323
2024,Spanish Grand Prix,PIA,McLaren,12,1,15,SOFT,81.683,8,41.1,24.1,90.2,1005,5.94000000000001,11,80.765,0.918000000000006,0.833641404805915
2024,Spanish Grand Prix,PIA,McLaren,13,1,16,SOFT,81.918,8,41.1,24.1,88.4,1006,6.17500000000001,12,80.765,1.15300000000001,0.817005545286506
2024,Spanish Grand Prix,PIA,McLaren,14,1,17,SOFT,82.316,7,41.1,24.1,86.6,1007,6.57300000000001,13,80.765,1.551,0.800369685767098
2024,Spanish Grand Prix,PIA,McLaren,15,1,18,SOFT,81.492,7,41.1,24.1,84.8,1008,5.74900000000001,14,80.765,0.727000000000004,0.783733826247689
2024,Spanish Grand Prix,PIA,McLaren,16,1,19,SOFT,81.532,5,41.1,24.1,83,1009,5.789,15,80.765,0.766999999999996,0.767097966728281
2024,Spanish Grand Prix,PIA,McLaren,17,1,20,SOFT,81.853,4,41.1,24.1,81.2,1010,6.11,16,80.765,1.08799999999999,0.750462107208873
2024,Spanish Grand Prix,PIA,McLaren,18,1,21,SOFT,81.505,3,41.1,24.1,79.4,1011,5.762,17,80.765,0.739999999999995,0.733826247689464
2024,Spanish Grand Prix,PIA,McLaren,19,1,22,SOFT,81.727,3,41.1,24.1,77.6,1012,5.98400000000001,18,80.765,0.962000000000003,0.717190388170055
2024,Spanish Grand Prix,PIA,McLaren,24,2,3,MEDIUM,79.991,10,41.1,24.1,68.6,1013,4.248,1,79.622,0.369,0.634011090573013
2024,Spanish Grand Prix,PIA,McLaren,25,2,4,MEDIUM,79.731,10,41.1,24.1,66.8,1014,3.988,2,79.622,0.108999999999995,0.617375231053604
2024,Spanish Grand Prix,PIA,McLaren,26,2,5,MEDIUM,79.853,10,41.1,24.1,65,1015,4.11,3,79.622,0.230999999999995,0.600739371534196
2024,Spanish Grand Prix,PIA,McLaren,27,2,6,MEDIUM,80.231,10,41.1,24.1,63.2,1016,4.488,4,79.622,0.608999999999995,0.584103512014787
2024,Spanish Grand Prix,PIA,McLaren,28,2,7,MEDIUM,80.626,9,41.1,24.1,61.4,1017,4.88300000000001,5,79.622,1.004,0.567467652495379
2024,Spanish Grand Prix,PIA,McLaren,29,2,8,MEDIUM,79.823,8,41.1,24.1,59.6,1018,4.08,6,79.622,0.200999999999993,0.55083179297597
2024,Spanish Grand Prix,PIA,McLaren,30,2,9,MEDIUM,80.01,8,41.1,24.1,57.8,1019,4.26700000000001,7,79.622,0.388000000000005,0.534195933456562
2024,Spanish Grand Prix,PIA,McLaren,31,2,10,MEDIUM,79.875,8,41.1,24.1,56,1020,4.13200000000001,8,79.622,0.253,0.517560073937153
2024,Spanish Grand Prix,PIA,McLaren,32,2,11,MEDIUM,80.425,8,41.1,24.1,54.2,1021,4.682,9,79.622,0.802999999999997,0.500924214417745
2024,Spanish Grand Prix,PIA,McLaren,33,2,12,MEDIUM,80.543,8,41.1,24.1,52.4,1022,4.80000000000001,10,79.622,0.921000000000006,0.484288354898336
2024,Spanish Grand Prix,PIA,McLaren,34,2,13,MEDIUM,79.656,7,41.1,24.1,50.6,1023,3.91300000000001,11,79.622,0.034000000000006,0.467652495378928
2024,Spanish Grand Prix,PIA,McLaren,35,2,14,MEDIUM,79.796,7,41.1,24.1,48.8,1024,4.05300000000001,12,79.622,0.174000000000007,0.451016635859519
2024,Spanish Grand Prix,PIA,McLaren,36,2,15,MEDIUM,79.728,7,41.1,24.1,47,1025,3.985,13,79.622,0.105999999999995,0.434380776340111
2024,Spanish Grand Prix,PIA,McLaren,37,2,16,MEDIUM,79.661,5,41.1,24.1,45.2,1026,3.91800000000001,14,79.622,0.0390000000000015,0.417744916820702
2024,Spanish Grand Prix,PIA,McLaren,38,2,17,MEDIUM,79.785,5,41.1,24.1,43.4,1027,4.042,15,79.622,0.162999999999997,0.401109057301294
2024,Spanish Grand Prix,PIA,McLaren,39,2,18,MEDIUM,79.78,5,41.1,24.1,41.6,1028,4.03700000000001,16,79.622,0.158000000000001,0.384473197781885
2024,Spanish Grand Prix,PIA,McLaren,40,2,19,MEDIUM,79.659,5,41.1,24.1,39.8,1029,3.91600000000001,17,79.622,0.0370000000000061,0.367837338262477
2024,Spanish Grand Prix,PIA,McLaren,41,2,20,MEDIUM,79.622,5,41.1,24.1,38,1030,3.879,18,79.622,0,0.351201478743068
2024,Spanish Grand Prix,PIA,McLaren,42,2,21,MEDIUM,79.93,5,41.1,24.1,36.2,1031,4.18700000000001,19,79.622,0.308000000000007,0.33456561922366
2024,Spanish Grand Prix,PIA,McLaren,43,2,22,MEDIUM,80.15,5,41.1,24.1,34.4,1032,4.40700000000001,20,79.622,0.528000000000006,0.317929759704251
2024,Spanish Grand Prix,PIA,McLaren,44,2,23,MEDIUM,79.925,4,41.1,24.1,32.6,1033,4.182,21,79.622,0.302999999999997,0.301293900184843
2024,Spanish Grand Prix,PIA,McLaren,49,3,6,SOFT,78.159,7,41.1,24.1,23.6,1034,2.41600000000001,1,77.874,0.285000000000011,0.2181146025878
2024,Spanish Grand Prix,PIA,McLaren,50,3,7,SOFT,78.257,7,41.1,24.1,21.8,1035,2.51400000000001,2,77.874,0.38300000000001,0.201478743068392
2024,Spanish Grand Prix,PIA,McLaren,51,3,8,SOFT,78.181,7,41.1,24.1,20,1036,2.438,3,77.874,0.307000000000002,0.184842883548983
2024,Spanish Grand Prix,PIA,McLaren,52,3,9,SOFT,78.492,7,41.1,24.1,18.2,1037,2.74900000000001,4,77.874,0.618000000000009,0.168207024029575
2024,Spanish Grand Prix,PIA,McLaren,53,3,10,SOFT,78.223,7,41.1,24.1,16.4,1038,2.48,5,77.874,0.349000000000004,0.151571164510166
2024,Spanish Grand Prix,PIA,McLaren,54,3,11,SOFT,78.354,7,41.1,24.1,14.6,1039,2.611,6,77.874,0.480000000000004,0.134935304990758
2024,Spanish Grand Prix,PIA,McLaren,55,3,12,SOFT,77.941,7,41.1,24.1,12.8,1040,2.19800000000001,7,77.874,0.0670000000000073,0.118299445471349
2024,Spanish Grand Prix,PIA,McLaren,56,3,13,SOFT,77.874,7,41.1,24.1,11,1041,2.131,8,77.874,0,0.101663585951941
2024,Spanish Grand Prix,PIA,McLaren,57,3,14,SOFT,78.293,7,41.1,24.1,9.2,1042,2.55000000000001,9,77.874,0.419000000000011,0.0850277264325323
2024,Spanish Grand Prix,PIA,McLaren,58,3,15,SOFT,78.483,7,41.1,24.1,7.4,1043,2.74000000000001,10,77.874,0.609000000000009,0.0683918669131238
2024,Spanish Grand Prix,PIA,McLaren,59,3,16,SOFT,78.337,7,41.1,24.1,5.6,1044,2.59400000000001,11,77.874,0.463000000000008,0.0517560073937153
2024,Spanish Grand Prix,PIA,McLaren,60,3,17,SOFT,78.129,7,41.1,24.1,3.8,1045,2.38600000000001,12,77.874,0.25500000000001,0.0351201478743068
2024,Spanish Grand Prix,PIA,McLaren,61,3,18,SOFT,77.977,7,41.1,24.1,2,1046,2.23400000000001,13,77.874,0.103000000000009,0.0184842883548983
2024,Spanish Grand Prix,PIA,McLaren,62,3,19,SOFT,78.186,7,41.1,24.1,0.2,1047,2.44300000000001,14,77.874,0.312000000000012,0.00184842883548983
2024,Spanish Grand Prix,PIA,McLaren,63,3,20,SOFT,78.587,7,41.1,24.1,0,1048,2.84400000000001,15,77.874,0.713000000000008,0
2024,Spanish Grand Prix,PIA,McLaren,64,3,21,SOFT,78.84,7,41.1,24.1,0,1049,3.09700000000001,16,77.874,0.966000000000008,0
2024,Spanish Grand Prix,PIA,McLaren,65,3,22,SOFT,79.297,7,41.1,24.1,0,1050,3.554,17,77.874,1.423,0
2024,Spanish Grand Prix,PIA,McLaren,66,3,23,SOFT,79.294,7,41.1,24.1,0,1051,3.551,18,77.874,1.42,0
2024,United States Grand Prix,PIA,McLaren,6,1,6,MEDIUM,101.753,5,46.6,28.1,101,1052,3.87,1,99.016,2.73699999999999,0.933456561922366
2024,United States Grand Prix,PIA,McLaren,7,1,7,MEDIUM,101.086,5,46.6,28.1,99.2,1053,3.203,2,99.016,2.06999999999999,0.916820702402958
2024,United States Grand Prix,PIA,McLaren,8,1,8,MEDIUM,100.678,5,46.6,28.1,97.4,1054,2.795,3,99.016,1.66199999999999,0.900184842883549
2024,United States Grand Prix,PIA,McLaren,9,1,9,MEDIUM,100.285,5,46.6,28.1,95.6,1055,2.402,4,99.016,1.26899999999999,0.88354898336414
2024,United States Grand Prix,PIA,McLaren,11,1,11,MEDIUM,100.607,5,46.6,28.1,92,1056,2.724,5,99.016,1.59099999999999,0.850277264325323
2024,United States Grand Prix,PIA,McLaren,12,1,12,MEDIUM,100.696,5,46.6,28.1,90.2,1057,2.813,6,99.016,1.67999999999999,0.833641404805915
2024,United States Grand Prix,PIA,McLaren,13,1,13,MEDIUM,100.579,5,46.6,28.1,88.4,1058,2.696,7,99.016,1.56299999999999,0.817005545286506
2024,United States Grand Prix,PIA,McLaren,14,1,14,MEDIUM,100.807,5,46.6,28.1,86.6,1059,2.92400000000001,8,99.016,1.791,0.800369685767098
2024,United States Grand Prix,PIA,McLaren,15,1,15,MEDIUM,101.013,5,46.6,28.1,84.8,1060,3.13000000000001,9,99.016,1.997,0.783733826247689
2024,United States Grand Prix,PIA,McLaren,16,1,16,MEDIUM,100.229,5,46.6,28.1,83,1061,2.346,10,99.016,1.21299999999999,0.767097966728281
2024,United States Grand Prix,PIA,McLaren,17,1,17,MEDIUM,99.925,5,46.6,28.1,81.2,1062,2.042,11,99.016,0.908999999999992,0.750462107208873
2024,United States Grand Prix,PIA,McLaren,18,1,18,MEDIUM,100.006,5,46.6,28.1,79.4,1063,2.123,12,99.016,0.989999999999995,0.733826247689464
2024,United States Grand Prix,PIA,McLaren,19,1,19,MEDIUM,99.685,5,46.6,28.1,77.6,1064,1.80200000000001,13,99.016,0.668999999999997,0.717190388170055
2024,United States Grand Prix,PIA,McLaren,20,1,20,MEDIUM,99.791,5,46.6,28.1,75.8,1065,1.908,14,99.016,0.774999999999991,0.700554528650647
2024,United States Grand Prix,PIA,McLaren,21,1,21,MEDIUM,99.711,5,46.6,28.1,74,1066,1.828,15,99.016,0.694999999999993,0.683918669131238
2024,United States Grand Prix,PIA,McLaren,22,1,22,MEDIUM,99.864,4,46.6,28.1,72.2,1067,1.98100000000001,16,99.016,0.847999999999999,0.66728280961183
2024,United States Grand Prix,PIA,McLaren,23,1,23,MEDIUM,99.91,4,46.6,28.1,70.4,1068,2.027,17,99.016,0.893999999999991,0.650646950092421
2024,United States Grand Prix,PIA,McLaren,24,1,24,MEDIUM,100.269,4,46.6,28.1,68.6,1069,2.38600000000001,18,99.016,1.253,0.634011090573013
2024,United States Grand Prix,PIA,McLaren,25,1,25,MEDIUM,99.409,4,46.6,28.1,66.8,1070,1.52600000000001,19,99.016,0.393000000000001,0.617375231053604
2024,United States Grand Prix,PIA,McLaren,26,1,26,MEDIUM,99.299,3,46.6,28.1,65,1071,1.41600000000001,20,99.016,0.283000000000001,0.600739371534196
2024,United States Grand Prix,PIA,McLaren,27,1,27,MEDIUM,99.016,2,46.6,28.1,63.2,1072,1.13300000000001,21,99.016,0,0.584103512014787
2024,United States Grand Prix,PIA,McLaren,28,1,28,MEDIUM,99.65,2,46.6,28.1,61.4,1073,1.76700000000001,22,99.016,0.634,0.567467652495379
2024,United States Grand Prix,PIA,McLaren,29,1,29,MEDIUM,99.55,2,46.6,28.1,59.6,1074,1.667,23,99.016,0.533999999999992,0.55083179297597
2024,United States Grand Prix,PIA,McLaren,30,1,30,MEDIUM,99.661,2,46.6,28.1,57.8,1075,1.77800000000001,24,99.016,0.644999999999996,0.534195933456562
2024,United States Grand Prix,PIA,McLaren,35,2,3,HARD,98.022,5,46.6,28.1,48.8,1076,0.13900000000001,1,97.883,0.13900000000001,0.451016635859519
2024,United States Grand Prix,PIA,McLaren,36,2,4,HARD,98.31,5,46.6,28.1,47,1077,0.427000000000007,2,97.883,0.427000000000007,0.434380776340111
2024,United States Grand Prix,PIA,McLaren,37,2,5,HARD,98.49,5,46.6,28.1,45.2,1078,0.606999999999999,3,97.883,0.606999999999999,0.417744916820702
2024,United States Grand Prix,PIA,McLaren,38,2,6,HARD,98.212,5,46.6,28.1,43.4,1079,0.329000000000008,4,97.883,0.329000000000008,0.401109057301294
2024,United States Grand Prix,PIA,McLaren,39,2,7,HARD,98.183,5,46.6,28.1,41.6,1080,0.300000000000011,5,97.883,0.300000000000011,0.384473197781885
2024,United States Grand Prix,PIA,McLaren,40,2,8,HARD,99.348,5,46.6,28.1,39.8,1081,1.465,6,97.883,1.465,0.367837338262477
2024,United States Grand Prix,PIA,McLaren,42,2,10,HARD,97.883,5,46.6,28.1,36.2,1082,0,7,97.883,0,0.33456561922366
2024,United States Grand Prix,PIA,McLaren,43,2,11,HARD,97.984,5,46.6,28.1,34.4,1083,0.100999999999999,8,97.883,0.100999999999999,0.317929759704251
2024,United States Grand Prix,PIA,McLaren,44,2,12,HARD,98.455,5,46.6,28.1,32.6,1084,0.572000000000003,9,97.883,0.572000000000003,0.301293900184843
2024,United States Grand Prix,PIA,McLaren,45,2,13,HARD,97.979,5,46.6,28.1,30.8,1085,0.0960000000000036,10,97.883,0.0960000000000036,0.284658040665434
2024,United States Grand Prix,PIA,McLaren,46,2,14,HARD,98.32,5,46.6,28.1,29,1086,0.436999999999998,11,97.883,0.436999999999998,0.268022181146026
2024,United States Grand Prix,PIA,McLaren,47,2,15,HARD,98.655,5,46.6,28.1,27.2,1087,0.772000000000006,12,97.883,0.772000000000006,0.251386321626617
2024,United States Grand Prix,PIA,McLaren,48,2,16,HARD,98.021,5,46.6,28.1,25.4,1088,0.138000000000005,13,97.883,0.138000000000005,0.234750462107209
2024,United States Grand Prix,PIA,McLaren,49,2,17,HARD,98.023,5,46.6,28.1,23.6,1089,0.140000000000001,14,97.883,0.140000000000001,0.2181146025878
2024,United States Grand Prix,PIA,McLaren,50,2,18,HARD,97.979,5,46.6,28.1,21.8,1090,0.0960000000000036,15,97.883,0.0960000000000036,0.201478743068392
2024,United States Grand Prix,PIA,McLaren,51,2,19,HARD,98.532,5,46.6,28.1,20,1091,0.649000000000001,16,97.883,0.649000000000001,0.184842883548983
2024,United States Grand Prix,PIA,McLaren,52,2,20,HARD,98.18,5,46.6,28.1,18.2,1092,0.297000000000011,17,97.883,0.297000000000011,0.168207024029575
2024,United States Grand Prix,PIA,McLaren,53,2,21,HARD,99.104,5,46.6,28.1,16.4,1093,1.221,18,97.883,1.221,0.151571164510166
2024,United States Grand Prix,PIA,McLaren,54,2,22,HARD,97.954,5,46.6,28.1,14.6,1094,0.070999999999998,19,97.883,0.070999999999998,0.134935304990758
2024,United States Grand Prix,PIA,McLaren,55,2,23,HARD,97.924,5,46.6,28.1,12.8,1095,0.041000000000011,20,97.883,0.041000000000011,0.118299445471349
2024,United States Grand Prix,PIA,McLaren,56,2,24,HARD,99.112,5,46.6,28.1,11,1096,1.229,21,97.883,1.229,0.101663585951941
2025,Austrian Grand Prix,PIA,McLaren,4,1,4,MEDIUM,70.527,2,49.2,30.3,104.6,1097,2.60299999999999,1,69.271,1.256,0.966728280961183
2025,Austrian Grand Prix,PIA,McLaren,5,1,5,MEDIUM,69.937,2,49.2,30.3,102.8,1098,2.01299999999999,2,69.271,0.665999999999997,0.950092421441774
2025,Austrian Grand Prix,PIA,McLaren,6,1,6,MEDIUM,69.34,2,49.2,30.3,101,1099,1.416,3,69.271,0.0690000000000026,0.933456561922366
2025,Austrian Grand Prix,PIA,McLaren,7,1,7,MEDIUM,69.445,2,49.2,30.3,99.2,1100,1.52099999999999,4,69.271,0.173999999999992,0.916820702402958
2025,Austrian Grand Prix,PIA,McLaren,8,1,8,MEDIUM,69.454,2,49.2,30.3,97.4,1101,1.52999999999999,5,69.271,0.182999999999993,0.900184842883549
2025,Austrian Grand Prix,PIA,McLaren,9,1,9,MEDIUM,69.271,2,49.2,30.3,95.6,1102,1.34699999999999,6,69.271,0,0.88354898336414
2025,Austrian Grand Prix,PIA,McLaren,10,1,10,MEDIUM,69.849,2,49.2,30.3,93.8,1103,1.925,7,69.271,0.578000000000003,0.866913123844732
2025,Austrian Grand Prix,PIA,McLaren,11,1,11,MEDIUM,71.008,2,49.2,30.3,92,1104,3.08399999999999,8,69.271,1.73699999999999,0.850277264325323
2025,Austrian Grand Prix,PIA,McLaren,12,1,12,MEDIUM,70.441,2,49.2,30.3,90.2,1105,2.517,9,69.271,1.17,0.833641404805915
2025,Austrian Grand Prix,PIA,McLaren,13,1,13,MEDIUM,69.995,2,49.2,30.3,88.4,1106,2.071,10,69.271,0.724000000000004,0.817005545286506
2025,Austrian Grand Prix,PIA,McLaren,14,1,14,MEDIUM,70.68,2,49.2,30.3,86.6,1107,2.756,11,69.271,1.40900000000001,0.800369685767098
2025,Austrian Grand Prix,PIA,McLaren,15,1,15,MEDIUM,71.748,2,49.2,30.3,84.8,1108,3.824,12,69.271,2.477,0.783733826247689
2025,Austrian Grand Prix,PIA,McLaren,16,1,16,MEDIUM,70.889,2,49.2,30.3,83,1109,2.96499999999999,13,69.271,1.61799999999999,0.767097966728281
2025,Austrian Grand Prix,PIA,McLaren,17,1,17,MEDIUM,71.064,2,49.2,30.3,81.2,1110,3.13999999999999,14,69.271,1.79299999999999,0.750462107208873
2025,Austrian Grand Prix,PIA,McLaren,18,1,18,MEDIUM,70.709,2,49.2,30.3,79.4,1111,2.785,15,69.271,1.438,0.733826247689464
2025,Austrian Grand Prix,PIA,McLaren,19,1,19,MEDIUM,70.863,2,49.2,30.3,77.6,1112,2.93899999999999,16,69.271,1.592,0.717190388170055
2025,Austrian Grand Prix,PIA,McLaren,20,1,20,MEDIUM,70.951,1,49.2,30.3,75.8,1113,3.02699999999999,17,69.271,1.67999999999999,0.700554528650647
2025,Austrian Grand Prix,PIA,McLaren,21,1,21,MEDIUM,70.624,1,49.2,30.3,74,1114,2.69999999999999,18,69.271,1.35299999999999,0.683918669131238
2025,Austrian Grand Prix,PIA,McLaren,22,1,22,MEDIUM,70.938,1,49.2,30.3,72.2,1115,3.014,19,69.271,1.667,0.66728280961183
2025,Austrian Grand Prix,PIA,McLaren,27,2,3,HARD,69.52,2,49.2,30.3,63.2,1116,1.59599999999999,1,69.196,0.323999999999998,0.584103512014787
2025,Austrian Grand Prix,PIA,McLaren,28,2,4,HARD,69.519,2,49.2,30.3,61.4,1117,1.595,2,69.196,0.323000000000008,0.567467652495379
2025,Austrian Grand Prix,PIA,McLaren,29,2,5,HARD,69.434,2,49.2,30.3,59.6,1118,1.50999999999999,3,69.196,0.238,0.55083179297597
2025,Austrian Grand Prix,PIA,McLaren,30,2,6,HARD,69.343,2,49.2,30.3,57.8,1119,1.419,4,69.196,0.147000000000006,0.534195933456562
2025,Austrian Grand Prix,PIA,McLaren,32,2,8,HARD,69.449,2,49.2,30.3,54.2,1120,1.52499999999999,5,69.196,0.253,0.500924214417745
2025,Austrian Grand Prix,PIA,McLaren,33,2,9,HARD,69.44,2,49.2,30.3,52.4,1121,1.51599999999999,6,69.196,0.244,0.484288354898336
2025,Austrian Grand Prix,PIA,McLaren,34,2,10,HARD,69.196,2,49.2,30.3,50.6,1122,1.27199999999999,7,69.196,0,0.467652495378928
2025,Austrian Grand Prix,PIA,McLaren,35,2,11,HARD,69.443,2,49.2,30.3,48.8,1123,1.51899999999999,8,69.196,0.247,0.451016635859519
2025,Austrian Grand Prix,PIA,McLaren,36,2,12,HARD,69.46,2,49.2,30.3,47,1124,1.53599999999999,9,69.196,0.263999999999996,0.434380776340111
2025,Austrian Grand Prix,PIA,McLaren,37,2,13,HARD,69.482,2,49.2,30.3,45.2,1125,1.55799999999999,10,69.196,0.286000000000001,0.417744916820702
2025,Austrian Grand Prix,PIA,McLaren,38,2,14,HARD,69.273,2,49.2,30.3,43.4,1126,1.34899999999999,11,69.196,0.0769999999999982,0.401109057301294
2025,Austrian Grand Prix,PIA,McLaren,39,2,15,HARD,69.437,2,49.2,30.3,41.6,1127,1.51299999999999,12,69.196,0.241,0.384473197781885
2025,Austrian Grand Prix,PIA,McLaren,40,2,16,HARD,69.637,2,49.2,30.3,39.8,1128,1.71299999999999,13,69.196,0.441000000000003,0.367837338262477
2025,Austrian Grand Prix,PIA,McLaren,41,2,17,HARD,69.737,2,49.2,30.3,38,1129,1.81299999999999,14,69.196,0.540999999999997,0.351201478743068
2025,Austrian Grand Prix,PIA,McLaren,42,2,18,HARD,69.8,2,49.2,30.3,36.2,1130,1.87599999999999,15,69.196,0.603999999999999,0.33456561922366
2025,Austrian Grand Prix,PIA,McLaren,43,2,19,HARD,70.103,2,49.2,30.3,34.4,1131,2.17899999999999,16,69.196,0.906999999999996,0.317929759704251
2025,Austrian Grand Prix,PIA,McLaren,44,2,20,HARD,69.714,2,49.2,30.3,32.6,1132,1.78999999999999,17,69.196,0.518000000000001,0.301293900184843
2025,Austrian Grand Prix,PIA,McLaren,45,2,21,HARD,70.151,2,49.2,30.3,30.8,1133,2.22699999999999,18,69.196,0.954999999999998,0.284658040665434
2025,Austrian Grand Prix,PIA,McLaren,46,2,22,HARD,70.048,2,49.2,30.3,29,1134,2.124,19,69.196,0.852000000000004,0.268022181146026
2025,Austrian Grand Prix,PIA,McLaren,47,2,23,HARD,69.471,2,49.2,30.3,27.2,1135,1.547,20,69.196,0.275000000000006,0.251386321626617
2025,Austrian Grand Prix,PIA,McLaren,48,2,24,HARD,70.621,2,49.2,30.3,25.4,1136,2.69699999999999,21,69.196,1.425,0.234750462107209
2025,Austrian Grand Prix,PIA,McLaren,49,2,25,HARD,70.2,2,49.2,30.3,23.6,1137,2.276,22,69.196,1.004,0.2181146025878
2025,Austrian Grand Prix,PIA,McLaren,50,2,26,HARD,70.073,2,49.2,30.3,21.8,1138,2.14899999999999,23,69.196,0.876999999999995,0.201478743068392
2025,Austrian Grand Prix,PIA,McLaren,51,2,27,HARD,70.114,2,49.2,30.3,20,1139,2.19,24,69.196,0.918000000000006,0.184842883548983
2025,Austrian Grand Prix,PIA,McLaren,56,3,3,MEDIUM,68.283,2,49.2,30.3,11,1140,0.358999999999995,1,67.924,0.358999999999995,0.101663585951941
2025,Austrian Grand Prix,PIA,McLaren,57,3,4,MEDIUM,68.739,2,49.2,30.3,9.2,1141,0.814999999999998,2,67.924,0.814999999999998,0.0850277264325323
2025,Austrian Grand Prix,PIA,McLaren,58,3,5,MEDIUM,68.157,2,49.2,30.3,7.4,1142,0.23299999999999,3,67.924,0.23299999999999,0.0683918669131238
2025,Austrian Grand Prix,PIA,McLaren,59,3,6,MEDIUM,67.924,2,49.2,30.3,5.6,1143,0,4,67.924,0,0.0517560073937153
2025,Austrian Grand Prix,PIA,McLaren,60,3,7,MEDIUM,68.085,2,49.2,30.3,3.8,1144,0.160999999999987,5,67.924,0.160999999999987,0.0351201478743068
2025,Austrian Grand Prix,PIA,McLaren,61,3,8,MEDIUM,68.162,2,49.2,30.3,2,1145,0.238,6,67.924,0.238,0.0184842883548983
2025,Austrian Grand Prix,PIA,McLaren,62,3,9,MEDIUM,68.372,2,49.2,30.3,0.2,1146,0.447999999999993,7,67.924,0.447999999999993,0.00184842883548983
2025,Austrian Grand Prix,PIA,McLaren,63,3,10,MEDIUM,68.903,2,49.2,30.3,0,1147,0.978999999999999,8,67.924,0.978999999999999,0
2025,Austrian Grand Prix,PIA,McLaren,64,3,11,MEDIUM,68.952,2,49.2,30.3,0,1148,1.02799999999999,9,67.924,1.02799999999999,0
2025,Austrian Grand Prix,PIA,McLaren,65,3,12,MEDIUM,68.49,2,49.2,30.3,0,1149,0.565999999999988,10,67.924,0.565999999999988,0
2025,Austrian Grand Prix,PIA,McLaren,66,3,13,MEDIUM,69.037,2,49.2,30.3,0,1150,1.113,11,67.924,1.113,0
2025,Austrian Grand Prix,PIA,McLaren,67,3,14,MEDIUM,69.087,2,49.2,30.3,0,1151,1.163,12,67.924,1.163,0
2025,Austrian Grand Prix,PIA,McLaren,68,3,15,MEDIUM,69.273,2,49.2,30.3,0,1152,1.34899999999999,13,67.924,1.34899999999999,0
2025,Austrian Grand Prix,PIA,McLaren,69,3,16,MEDIUM,69.468,2,49.2,30.3,0,1153,1.544,14,67.924,1.544,0
2025,Austrian Grand Prix,PIA,McLaren,70,3,17,MEDIUM,70.782,2,49.2,30.3,0,1154,2.85799999999999,15,67.924,2.85799999999999,0
2025,Bahrain Grand Prix,PIA,McLaren,2,1,5,SOFT,97.492,1,31.9,27.1,108.2,1155,2.718,1,97.492,0,1
2025,Bahrain Grand Prix,PIA,McLaren,3,1,6,SOFT,98.083,1,31.9,27.1,106.4,1156,3.309,2,97.492,0.590999999999994,0.983364140480592
2025,Bahrain Grand Prix,PIA,McLaren,4,1,7,SOFT,98.133,1,31.9,27.1,104.6,1157,3.35899999999999,3,97.492,0.640999999999991,0.966728280961183
2025,Bahrain Grand Prix,PIA,McLaren,5,1,8,SOFT,98.043,1,31.9,27.1,102.8,1158,3.26900000000001,4,97.492,0.551000000000002,0.950092421441774
2025,Bahrain Grand Prix,PIA,McLaren,6,1,9,SOFT,98.363,1,31.9,27.1,101,1159,3.589,5,97.492,0.870999999999995,0.933456561922366
2025,Bahrain Grand Prix,PIA,McLaren,7,1,10,SOFT,98.498,1,31.9,27.1,99.2,1160,3.724,6,97.492,1.006,0.916820702402958
2025,Bahrain Grand Prix,PIA,McLaren,8,1,11,SOFT,98.567,1,31.9,27.1,97.4,1161,3.79299999999999,7,97.492,1.07499999999999,0.900184842883549
2025,Bahrain Grand Prix,PIA,McLaren,9,1,12,SOFT,98.8,1,31.9,27.1,95.6,1162,4.026,8,97.492,1.30799999999999,0.88354898336414
2025,Bahrain Grand Prix,PIA,McLaren,10,1,13,SOFT,98.549,1,31.9,27.1,93.8,1163,3.77500000000001,9,97.492,1.057,0.866913123844732
2025,Bahrain Grand Prix,PIA,McLaren,11,1,14,SOFT,98.681,1,31.9,27.1,92,1164,3.907,10,97.492,1.18899999999999,0.850277264325323
2025,Bahrain Grand Prix,PIA,McLaren,12,1,15,SOFT,99.028,1,31.9,27.1,90.2,1165,4.254,11,97.492,1.536,0.833641404805915
2025,Bahrain Grand Prix,PIA,McLaren,17,2,3,MEDIUM,97.733,3,31.9,27.1,81.2,1166,2.959,1,97.142,0.591000000000008,0.750462107208873
2025,Bahrain Grand Prix,PIA,McLaren,18,2,4,MEDIUM,97.688,1,31.9,27.1,79.4,1167,2.914,2,97.142,0.546000000000006,0.733826247689464
2025,Bahrain Grand Prix,PIA,McLaren,19,2,5,MEDIUM,97.891,1,31.9,27.1,77.6,1168,3.117,3,97.142,0.749000000000009,0.717190388170055
2025,Bahrain Grand Prix,PIA,McLaren,20,2,6,MEDIUM,97.504,1,31.9,27.1,75.8,1169,2.73,4,97.142,0.362000000000009,0.700554528650647
2025,Bahrain Grand Prix,PIA,McLaren,21,2,7,MEDIUM,97.712,1,31.9,27.1,74,1170,2.938,5,97.142,0.570000000000007,0.683918669131238
2025,Bahrain Grand Prix,PIA,McLaren,22,2,8,MEDIUM,97.142,1,31.9,27.1,72.2,1171,2.36799999999999,6,97.142,0,0.66728280961183
2025,Bahrain Grand Prix,PIA,McLaren,23,2,9,MEDIUM,97.933,1,31.9,27.1,70.4,1172,3.15900000000001,7,97.142,0.791000000000011,0.650646950092421
2025,Bahrain Grand Prix,PIA,McLaren,24,2,10,MEDIUM,97.634,1,31.9,27.1,68.6,1173,2.86,8,97.142,0.492000000000004,0.634011090573013
2025,Bahrain Grand Prix,PIA,McLaren,25,2,11,MEDIUM,97.811,1,31.9,27.1,66.8,1174,3.03700000000001,9,97.142,0.669000000000011,0.617375231053604
2025,Bahrain Grand Prix,PIA,McLaren,26,2,12,MEDIUM,97.39,1,31.9,27.1,65,1175,2.616,10,97.142,0.248000000000005,0.600739371534196
2025,Bahrain Grand Prix,PIA,McLaren,27,2,13,MEDIUM,97.579,1,31.9,27.1,63.2,1176,2.80499999999999,11,97.142,0.436999999999998,0.584103512014787
2025,Bahrain Grand Prix,PIA,McLaren,28,2,14,MEDIUM,97.693,1,31.9,27.1,61.4,1177,2.919,12,97.142,0.551000000000002,0.567467652495379
2025,Bahrain Grand Prix,PIA,McLaren,29,2,15,MEDIUM,97.677,1,31.9,27.1,59.6,1178,2.90300000000001,13,97.142,0.535000000000011,0.55083179297597
2025,Bahrain Grand Prix,PIA,McLaren,30,2,16,MEDIUM,97.811,1,31.9,27.1,57.8,1179,3.03700000000001,14,97.142,0.669000000000011,0.534195933456562
2025,Bahrain Grand Prix,PIA,McLaren,37,3,5,MEDIUM,95.375,1,31.9,27.1,45.2,1180,0.600999999999999,1,95.375,0,0.417744916820702
2025,Bahrain Grand Prix,PIA,McLaren,38,3,6,MEDIUM,95.997,1,31.9,27.1,43.4,1181,1.223,2,95.375,0.622,0.401109057301294
2025,Bahrain Grand Prix,PIA,McLaren,39,3,7,MEDIUM,96.174,1,31.9,27.1,41.6,1182,1.40000000000001,3,95.375,0.799000000000007,0.384473197781885
2025,Bahrain Grand Prix,PIA,McLaren,40,3,8,MEDIUM,96.36,1,31.9,27.1,39.8,1183,1.586,4,95.375,0.984999999999999,0.367837338262477
2025,Bahrain Grand Prix,PIA,McLaren,41,3,9,MEDIUM,96.326,1,31.9,27.1,38,1184,1.55199999999999,5,95.375,0.950999999999993,0.351201478743068
2025,Bahrain Grand Prix,PIA,McLaren,42,3,10,MEDIUM,96.249,1,31.9,27.1,36.2,1185,1.47499999999999,6,95.375,0.873999999999995,0.33456561922366
2025,Bahrain Grand Prix,PIA,McLaren,43,3,11,MEDIUM,96.118,1,31.9,27.1,34.4,1186,1.34399999999999,7,95.375,0.742999999999995,0.317929759704251
2025,Bahrain Grand Prix,PIA,McLaren,44,3,12,MEDIUM,96.289,1,31.9,27.1,32.6,1187,1.515,8,95.375,0.914000000000001,0.301293900184843
2025,Bahrain Grand Prix,PIA,McLaren,45,3,13,MEDIUM,96.035,1,31.9,27.1,30.8,1188,1.261,9,95.375,0.659999999999997,0.284658040665434
2025,Bahrain Grand Prix,PIA,McLaren,46,3,14,MEDIUM,95.898,1,31.9,27.1,29,1189,1.124,10,95.375,0.522999999999996,0.268022181146026
2025,Bahrain Grand Prix,PIA,McLaren,47,3,15,MEDIUM,96.09,1,31.9,27.1,27.2,1190,1.316,11,95.375,0.715000000000003,0.251386321626617
2025,Bahrain Grand Prix,PIA,McLaren,48,3,16,MEDIUM,96.357,1,31.9,27.1,25.4,1191,1.583,12,95.375,0.981999999999999,0.234750462107209
2025,Bahrain Grand Prix,PIA,McLaren,49,3,17,MEDIUM,96.815,1,31.9,27.1,23.6,1192,2.041,13,95.375,1.44,0.2181146025878
2025,Bahrain Grand Prix,PIA,McLaren,50,3,18,MEDIUM,96.263,1,31.9,27.1,21.8,1193,1.489,14,95.375,0.888000000000005,0.201478743068392
2025,Bahrain Grand Prix,PIA,McLaren,51,3,19,MEDIUM,96.105,1,31.9,27.1,20,1194,1.331,15,95.375,0.730000000000004,0.184842883548983
2025,Bahrain Grand Prix,PIA,McLaren,52,3,20,MEDIUM,95.961,1,31.9,27.1,18.2,1195,1.187,16,95.375,0.585999999999999,0.168207024029575
2025,Bahrain Grand Prix,PIA,McLaren,53,3,21,MEDIUM,96.333,1,31.9,27.1,16.4,1196,1.559,17,95.375,0.957999999999998,0.151571164510166
2025,Bahrain Grand Prix,PIA,McLaren,54,3,22,MEDIUM,96.229,1,31.9,27.1,14.6,1197,1.455,18,95.375,0.853999999999999,0.134935304990758
2025,Bahrain Grand Prix,PIA,McLaren,55,3,23,MEDIUM,96.259,1,31.9,27.1,12.8,1198,1.485,19,95.375,0.884,0.118299445471349
2025,Bahrain Grand Prix,PIA,McLaren,56,3,24,MEDIUM,96.243,1,31.9,27.1,11,1199,1.46899999999999,20,95.375,0.867999999999995,0.101663585951941
2025,Bahrain Grand Prix,PIA,McLaren,57,3,25,MEDIUM,96.588,1,31.9,27.1,9.2,1200,1.81399999999999,21,95.375,1.21299999999999,0.0850277264325323
2025,Belgian Grand Prix,PIA,McLaren,14,2,2,MEDIUM,110.884,1,24.1,17,86.6,1201,5.178,1,105.706,5.178,0.800369685767098
2025,Belgian Grand Prix,PIA,McLaren,15,2,3,MEDIUM,109.089,1,24.1,17,84.8,1202,3.383,2,105.706,3.383,0.783733826247689
2025,Belgian Grand Prix,PIA,McLaren,16,2,4,MEDIUM,107.694,1,24.1,17,83,1203,1.988,3,105.706,1.988,0.767097966728281
2025,Belgian Grand Prix,PIA,McLaren,17,2,5,MEDIUM,107.251,1,24.1,17,81.2,1204,1.545,4,105.706,1.545,0.750462107208873
2025,Belgian Grand Prix,PIA,McLaren,18,2,6,MEDIUM,107.032,1,24.1,17,79.4,1205,1.32599999999999,5,105.706,1.32599999999999,0.733826247689464
2025,Belgian Grand Prix,PIA,McLaren,19,2,7,MEDIUM,106.762,1,24.1,17,77.6,1206,1.056,6,105.706,1.056,0.717190388170055
2025,Belgian Grand Prix,PIA,McLaren,20,2,8,MEDIUM,106.79,1,24.1,17,75.8,1207,1.084,7,105.706,1.084,0.700554528650647
2025,Belgian Grand Prix,PIA,McLaren,21,2,9,MEDIUM,106.486,1,24.1,17,74,1208,0.780000000000001,8,105.706,0.780000000000001,0.683918669131238
2025,Belgian Grand Prix,PIA,McLaren,22,2,10,MEDIUM,106.3,1,24.1,17,72.2,1209,0.593999999999994,9,105.706,0.593999999999994,0.66728280961183
2025,Belgian Grand Prix,PIA,McLaren,23,2,11,MEDIUM,106.433,1,24.1,17,70.4,1210,0.727000000000004,10,105.706,0.727000000000004,0.650646950092421
2025,Belgian Grand Prix,PIA,McLaren,24,2,12,MEDIUM,106.474,1,24.1,17,68.6,1211,0.768000000000001,11,105.706,0.768000000000001,0.634011090573013
2025,Belgian Grand Prix,PIA,McLaren,25,2,13,MEDIUM,106.415,1,24.1,17,66.8,1212,0.709000000000003,12,105.706,0.709000000000003,0.617375231053604
2025,Belgian Grand Prix,PIA,McLaren,26,2,14,MEDIUM,106.407,1,24.1,17,65,1213,0.700999999999993,13,105.706,0.700999999999993,0.600739371534196
2025,Belgian Grand Prix,PIA,McLaren,27,2,15,MEDIUM,106.243,1,24.1,17,63.2,1214,0.536999999999992,14,105.706,0.536999999999992,0.584103512014787
2025,Belgian Grand Prix,PIA,McLaren,28,2,16,MEDIUM,106.462,1,24.1,17,61.4,1215,0.756,15,105.706,0.756,0.567467652495379
2025,Belgian Grand Prix,PIA,McLaren,29,2,17,MEDIUM,106.171,1,24.1,17,59.6,1216,0.465000000000003,16,105.706,0.465000000000003,0.55083179297597
2025,Belgian Grand Prix,PIA,McLaren,30,2,18,MEDIUM,106.205,1,24.1,17,57.8,1217,0.498999999999995,17,105.706,0.498999999999995,0.534195933456562
2025,Belgian Grand Prix,PIA,McLaren,31,2,19,MEDIUM,106.242,1,24.1,17,56,1218,0.536000000000001,18,105.706,0.536000000000001,0.517560073937153
2025,Belgian Grand Prix,PIA,McLaren,32,2,20,MEDIUM,106.358,1,24.1,17,54.2,1219,0.652000000000001,19,105.706,0.652000000000001,0.500924214417745
2025,Belgian Grand Prix,PIA,McLaren,33,2,21,MEDIUM,106.663,1,24.1,17,52.4,1220,0.956999999999994,20,105.706,0.956999999999994,0.484288354898336
2025,Belgian Grand Prix,PIA,McLaren,34,2,22,MEDIUM,106.358,1,24.1,17,50.6,1221,0.652000000000001,21,105.706,0.652000000000001,0.467652495378928
2025,Belgian Grand Prix,PIA,McLaren,35,2,23,MEDIUM,106.444,1,24.1,17,48.8,1222,0.738,22,105.706,0.738,0.451016635859519
2025,Belgian Grand Prix,PIA,McLaren,36,2,24,MEDIUM,106.577,1,24.1,17,47,1223,0.870999999999995,23,105.706,0.870999999999995,0.434380776340111
2025,Belgian Grand Prix,PIA,McLaren,37,2,25,MEDIUM,106.483,1,24.1,17,45.2,1224,0.777000000000001,24,105.706,0.777000000000001,0.417744916820702
2025,Belgian Grand Prix,PIA,McLaren,38,2,26,MEDIUM,106.347,1,24.1,17,43.4,1225,0.640999999999991,25,105.706,0.640999999999991,0.401109057301294
2025,Belgian Grand Prix,PIA,McLaren,39,2,27,MEDIUM,106.498,1,24.1,17,41.6,1226,0.792000000000002,26,105.706,0.792000000000002,0.384473197781885
2025,Belgian Grand Prix,PIA,McLaren,40,2,28,MEDIUM,106.326,1,24.1,17,39.8,1227,0.61999999999999,27,105.706,0.61999999999999,0.367837338262477
2025,Belgian Grand Prix,PIA,McLaren,41,2,29,MEDIUM,106.144,1,24.1,17,38,1228,0.438000000000002,28,105.706,0.438000000000002,0.351201478743068
2025,Belgian Grand Prix,PIA,McLaren,42,2,30,MEDIUM,105.933,1,24.1,17,36.2,1229,0.227000000000004,29,105.706,0.227000000000004,0.33456561922366
2025,Belgian Grand Prix,PIA,McLaren,43,2,31,MEDIUM,105.706,1,24.1,17,34.4,1230,0,30,105.706,0,0.317929759704251
2025,Belgian Grand Prix,PIA,McLaren,44,2,32,MEDIUM,107.821,1,24.1,17,32.6,1231,2.11499999999999,31,105.706,2.11499999999999,0.301293900184843
2025,British Grand Prix,PIA,McLaren,45,3,2,MEDIUM,94.87,2,23.6,17.9,30.8,1232,6.122,1,89.337,5.533,0.284658040665434
2025,British Grand Prix,PIA,McLaren,46,3,3,MEDIUM,91.673,2,23.6,17.9,29,1233,2.925,2,89.337,2.336,0.268022181146026
2025,British Grand Prix,PIA,McLaren,47,3,4,MEDIUM,90.609,2,23.6,17.9,27.2,1234,1.86099999999999,3,89.337,1.27199999999999,0.251386321626617
2025,British Grand Prix,PIA,McLaren,48,3,5,MEDIUM,90.817,2,23.6,17.9,25.4,1235,2.06899999999999,4,89.337,1.47999999999999,0.234750462107209
2025,British Grand Prix,PIA,McLaren,49,3,6,MEDIUM,90.209,2,23.6,17.9,23.6,1236,1.461,5,89.337,0.872,0.2181146025878
2025,British Grand Prix,PIA,McLaren,50,3,7,MEDIUM,89.686,2,23.6,17.9,21.8,1237,0.938000000000002,6,89.337,0.349000000000004,0.201478743068392
2025,British Grand Prix,PIA,McLaren,51,3,8,MEDIUM,89.337,2,23.6,17.9,20,1238,0.588999999999999,7,89.337,0,0.184842883548983
2025,British Grand Prix,PIA,McLaren,52,3,9,MEDIUM,92.34,2,23.6,17.9,18.2,1239,3.592,8,89.337,3.003,0.168207024029575
2025,Canadian Grand Prix,PIA,McLaren,2,1,2,MEDIUM,77.51,4,49.3,24,108.2,1240,3.25500000000001,1,76.209,1.301,1
2025,Canadian Grand Prix,PIA,McLaren,3,1,3,MEDIUM,76.714,4,49.3,24,106.4,1241,2.459,2,76.209,0.504999999999995,0.983364140480592
2025,Canadian Grand Prix,PIA,McLaren,4,1,4,MEDIUM,76.537,4,49.3,24,104.6,1242,2.28200000000001,3,76.209,0.328000000000003,0.966728280961183
2025,Canadian Grand Prix,PIA,McLaren,5,1,5,MEDIUM,76.397,4,49.3,24,102.8,1243,2.14200000000001,4,76.209,0.188000000000002,0.950092421441774
2025,Canadian Grand Prix,PIA,McLaren,6,1,6,MEDIUM,76.209,4,49.3,24,101,1244,1.95400000000001,5,76.209,0,0.933456561922366
2025,Canadian Grand Prix,PIA,McLaren,7,1,7,MEDIUM,76.456,4,49.3,24,99.2,1245,2.20100000000001,6,76.209,0.247,0.916820702402958
2025,Canadian Grand Prix,PIA,McLaren,8,1,8,MEDIUM,76.381,4,49.3,24,97.4,1246,2.126,7,76.209,0.171999999999997,0.900184842883549
2025,Canadian Grand Prix,PIA,McLaren,9,1,9,MEDIUM,76.714,4,49.3,24,95.6,1247,2.459,8,76.209,0.504999999999995,0.88354898336414
2025,Canadian Grand Prix,PIA,McLaren,10,1,10,MEDIUM,76.775,4,49.3,24,93.8,1248,2.52000000000001,9,76.209,0.566000000000003,0.866913123844732
2025,Canadian Grand Prix,PIA,McLaren,11,1,11,MEDIUM,76.599,4,49.3,24,92,1249,2.34400000000001,10,76.209,0.390000000000001,0.850277264325323
2025,Canadian Grand Prix,PIA,McLaren,12,1,12,MEDIUM,76.937,3,49.3,24,90.2,1250,2.682,11,76.209,0.727999999999994,0.833641404805915
2025,Canadian Grand Prix,PIA,McLaren,13,1,13,MEDIUM,76.974,2,49.3,24,88.4,1251,2.71900000000001,12,76.209,0.765000000000001,0.817005545286506
2025,Canadian Grand Prix,PIA,McLaren,14,1,14,MEDIUM,77.023,1,49.3,24,86.6,1252,2.768,13,76.209,0.813999999999993,0.800369685767098
2025,Canadian Grand Prix,PIA,McLaren,19,2,3,HARD,76.705,6,49.3,24,77.6,1253,2.45,1,75.203,1.502,0.717190388170055
2025,Canadian Grand Prix,PIA,McLaren,20,2,4,HARD,75.886,6,49.3,24,75.8,1254,1.631,2,75.203,0.682999999999993,0.700554528650647
2025,Canadian Grand Prix,PIA,McLaren,21,2,5,HARD,75.826,6,49.3,24,74,1255,1.571,3,75.203,0.62299999999999,0.683918669131238
2025,Canadian Grand Prix,PIA,McLaren,22,2,6,HARD,76.049,6,49.3,24,72.2,1256,1.79400000000001,4,75.203,0.846000000000004,0.66728280961183
2025,Canadian Grand Prix,PIA,McLaren,23,2,7,HARD,75.95,6,49.3,24,70.4,1257,1.69500000000001,5,75.203,0.747,0.650646950092421
2025,Canadian Grand Prix,PIA,McLaren,24,2,8,HARD,75.775,6,49.3,24,68.6,1258,1.52000000000001,6,75.203,0.572000000000003,0.634011090573013
2025,Canadian Grand Prix,PIA,McLaren,25,2,9,HARD,75.903,6,49.3,24,66.8,1259,1.64800000000001,7,75.203,0.700000000000003,0.617375231053604
2025,Canadian Grand Prix,PIA,McLaren,26,2,10,HARD,75.764,6,49.3,24,65,1260,1.509,8,75.203,0.560999999999993,0.600739371534196
2025,Canadian Grand Prix,PIA,McLaren,27,2,11,HARD,75.694,6,49.3,24,63.2,1261,1.43900000000001,9,75.203,0.491,0.584103512014787
2025,Canadian Grand Prix,PIA,McLaren,28,2,12,HARD,75.582,5,49.3,24,61.4,1262,1.327,10,75.203,0.378999999999991,0.567467652495379
2025,Canadian Grand Prix,PIA,McLaren,29,2,13,HARD,75.739,4,49.3,24,59.6,1263,1.48400000000001,11,75.203,0.536000000000001,0.55083179297597
2025,Canadian Grand Prix,PIA,McLaren,30,2,14,HARD,75.272,4,49.3,24,57.8,1264,1.01700000000001,12,75.203,0.0690000000000026,0.534195933456562
2025,Canadian Grand Prix,PIA,McLaren,31,2,15,HARD,75.373,4,49.3,24,56,1265,1.11800000000001,13,75.203,0.170000000000002,0.517560073937153
2025,Canadian Grand Prix,PIA,McLaren,32,2,16,HARD,75.415,4,49.3,24,54.2,1266,1.16000000000001,14,75.203,0.212000000000003,0.500924214417745
2025,Canadian Grand Prix,PIA,McLaren,33,2,17,HARD,75.438,4,49.3,24,52.4,1267,1.18300000000001,15,75.203,0.234999999999999,0.484288354898336
2025,Canadian Grand Prix,PIA,McLaren,34,2,18,HARD,75.323,4,49.3,24,50.6,1268,1.068,16,75.203,0.11999999999999,0.467652495378928
2025,Canadian Grand Prix,PIA,McLaren,35,2,19,HARD,75.444,4,49.3,24,48.8,1269,1.18900000000001,17,75.203,0.241,0.451016635859519
2025,Canadian Grand Prix,PIA,McLaren,36,2,20,HARD,75.717,4,49.3,24,47,1270,1.462,18,75.203,0.513999999999996,0.434380776340111
2025,Canadian Grand Prix,PIA,McLaren,37,2,21,HARD,75.255,3,49.3,24,45.2,1271,1,19,75.203,0.0519999999999925,0.417744916820702
2025,Canadian Grand Prix,PIA,McLaren,38,2,22,HARD,75.203,2,49.3,24,43.4,1272,0.948000000000008,20,75.203,0,0.401109057301294
2025,Canadian Grand Prix,PIA,McLaren,39,2,23,HARD,75.662,2,49.3,24,41.6,1273,1.40700000000001,21,75.203,0.459000000000003,0.384473197781885
2025,Canadian Grand Prix,PIA,McLaren,40,2,24,HARD,75.761,2,49.3,24,39.8,1274,1.506,22,75.203,0.557999999999993,0.367837338262477
2025,Canadian Grand Prix,PIA,McLaren,41,2,25,HARD,75.417,2,49.3,24,38,1275,1.16200000000001,23,75.203,0.213999999999999,0.351201478743068
2025,Canadian Grand Prix,PIA,McLaren,42,2,26,HARD,75.441,1,49.3,24,36.2,1276,1.18600000000001,24,75.203,0.238,0.33456561922366
2025,Canadian Grand Prix,PIA,McLaren,43,2,27,HARD,75.653,1,49.3,24,34.4,1277,1.39800000000001,25,75.203,0.450000000000003,0.317929759704251
2025,Canadian Grand Prix,PIA,McLaren,50,3,5,HARD,74.531,5,49.3,24,21.8,1278,0.27600000000001,1,74.255,0.27600000000001,0.201478743068392
2025,Canadian Grand Prix,PIA,McLaren,51,3,6,HARD,74.719,5,49.3,24,20,1279,0.463999999999999,2,74.255,0.463999999999999,0.184842883548983
2025,Canadian Grand Prix,PIA,McLaren,52,3,7,HARD,74.584,5,49.3,24,18.2,1280,0.329000000000008,3,74.255,0.329000000000008,0.168207024029575
2025,Canadian Grand Prix,PIA,McLaren,53,3,8,HARD,74.643,4,49.3,24,16.4,1281,0.388000000000005,4,74.255,0.388000000000005,0.151571164510166
2025,Canadian Grand Prix,PIA,McLaren,54,3,9,HARD,74.989,4,49.3,24,14.6,1282,0.734000000000009,5,74.255,0.734000000000009,0.134935304990758
2025,Canadian Grand Prix,PIA,McLaren,55,3,10,HARD,74.497,4,49.3,24,12.8,1283,0.242000000000004,6,74.255,0.242000000000004,0.118299445471349
2025,Canadian Grand Prix,PIA,McLaren,56,3,11,HARD,75.526,4,49.3,24,11,1284,1.271,7,74.255,1.271,0.101663585951941
2025,Canadian Grand Prix,PIA,McLaren,57,3,12,HARD,74.366,4,49.3,24,9.2,1285,0.111000000000004,8,74.255,0.111000000000004,0.0850277264325323
2025,Canadian Grand Prix,PIA,McLaren,58,3,13,HARD,75.324,4,49.3,24,7.4,1286,1.069,9,74.255,1.069,0.0683918669131238
2025,Canadian Grand Prix,PIA,McLaren,59,3,14,HARD,75.104,4,49.3,24,5.6,1287,0.849000000000004,10,74.255,0.849000000000004,0.0517560073937153
2025,Canadian Grand Prix,PIA,McLaren,60,3,15,HARD,74.498,4,49.3,24,3.8,1288,0.243000000000009,11,74.255,0.243000000000009,0.0351201478743068
2025,Canadian Grand Prix,PIA,McLaren,61,3,16,HARD,74.368,4,49.3,24,2,1289,0.113,12,74.255,0.113,0.0184842883548983
2025,Canadian Grand Prix,PIA,McLaren,62,3,17,HARD,74.268,4,49.3,24,0.2,1290,0.0130000000000052,13,74.255,0.0130000000000052,0.00184842883548983
2025,Canadian Grand Prix,PIA,McLaren,63,3,18,HARD,74.363,4,49.3,24,0,1291,0.108000000000004,14,74.255,0.108000000000004,0
2025,Canadian Grand Prix,PIA,McLaren,64,3,19,HARD,74.255,4,49.3,24,0,1292,0,15,74.255,0,0
2025,Canadian Grand Prix,PIA,McLaren,65,3,20,HARD,74.409,4,49.3,24,0,1293,0.154000000000011,16,74.255,0.154000000000011,0
2025,Canadian Grand Prix,PIA,McLaren,66,3,21,HARD,75.441,4,49.3,24,0,1294,1.18600000000001,17,74.255,1.18600000000001,0
2025,Chinese Grand Prix,PIA,McLaren,2,1,2,MEDIUM,97.551,1,35.8,27.2,108.2,1295,2.03100000000001,1,97.551,0,1
2025,Chinese Grand Prix,PIA,McLaren,4,1,4,MEDIUM,97.804,1,35.8,27.2,104.6,1296,2.28400000000001,2,97.551,0.253,0.966728280961183
2025,Chinese Grand Prix,PIA,McLaren,5,1,5,MEDIUM,98.082,1,35.8,27.2,102.8,1297,2.562,3,97.551,0.530999999999992,0.950092421441774
2025,Chinese Grand Prix,PIA,McLaren,7,1,7,MEDIUM,97.898,1,35.8,27.2,99.2,1298,2.378,4,97.551,0.346999999999994,0.916820702402958
2025,Chinese Grand Prix,PIA,McLaren,8,1,8,MEDIUM,98.193,1,35.8,27.2,97.4,1299,2.673,5,97.551,0.641999999999996,0.900184842883549
2025,Chinese Grand Prix,PIA,McLaren,9,1,9,MEDIUM,98.199,1,35.8,27.2,95.6,1300,2.679,6,97.551,0.647999999999996,0.88354898336414
2025,Chinese Grand Prix,PIA,McLaren,10,1,10,MEDIUM,97.994,1,35.8,27.2,93.8,1301,2.474,7,97.551,0.442999999999998,0.866913123844732
2025,Chinese Grand Prix,PIA,McLaren,11,1,11,MEDIUM,98.124,1,35.8,27.2,92,1302,2.604,8,97.551,0.572999999999993,0.850277264325323
2025,Chinese Grand Prix,PIA,McLaren,12,1,12,MEDIUM,98.113,1,35.8,27.2,90.2,1303,2.593,9,97.551,0.561999999999998,0.833641404805915
2025,Chinese Grand Prix,PIA,McLaren,17,2,3,HARD,96.891,1,35.8,27.2,81.2,1304,1.37100000000001,1,95.52,1.37100000000001,0.750462107208873
2025,Chinese Grand Prix,PIA,McLaren,18,2,4,HARD,97.171,1,35.8,27.2,79.4,1305,1.65100000000001,2,95.52,1.65100000000001,0.733826247689464
2025,Chinese Grand Prix,PIA,McLaren,19,2,5,HARD,97.211,1,35.8,27.2,77.6,1306,1.691,3,95.52,1.691,0.717190388170055
2025,Chinese Grand Prix,PIA,McLaren,20,2,6,HARD,97.408,1,35.8,27.2,75.8,1307,1.88800000000001,4,95.52,1.88800000000001,0.700554528650647
2025,Chinese Grand Prix,PIA,McLaren,21,2,7,HARD,97.985,1,35.8,27.2,74,1308,2.465,5,95.52,2.465,0.683918669131238
2025,Chinese Grand Prix,PIA,McLaren,22,2,8,HARD,97.738,1,35.8,27.2,72.2,1309,2.218,6,95.52,2.218,0.66728280961183
2025,Chinese Grand Prix,PIA,McLaren,23,2,9,HARD,97.232,1,35.8,27.2,70.4,1310,1.712,7,95.52,1.712,0.650646950092421
2025,Chinese Grand Prix,PIA,McLaren,24,2,10,HARD,96.97,1,35.8,27.2,68.6,1311,1.45,8,95.52,1.45,0.634011090573013
2025,Chinese Grand Prix,PIA,McLaren,25,2,11,HARD,97.185,1,35.8,27.2,66.8,1312,1.66500000000001,9,95.52,1.66500000000001,0.617375231053604
2025,Chinese Grand Prix,PIA,McLaren,26,2,12,HARD,97.186,1,35.8,27.2,65,1313,1.66600000000001,10,95.52,1.66600000000001,0.600739371534196
2025,Chinese Grand Prix,PIA,McLaren,27,2,13,HARD,97.112,1,35.8,27.2,63.2,1314,1.592,11,95.52,1.592,0.584103512014787
2025,Chinese Grand Prix,PIA,McLaren,28,2,14,HARD,97.001,1,35.8,27.2,61.4,1315,1.48100000000001,12,95.52,1.48100000000001,0.567467652495379
2025,Chinese Grand Prix,PIA,McLaren,29,2,15,HARD,96.533,1,35.8,27.2,59.6,1316,1.01300000000001,13,95.52,1.01300000000001,0.55083179297597
2025,Chinese Grand Prix,PIA,McLaren,30,2,16,HARD,96.81,1,35.8,27.2,57.8,1317,1.29000000000001,14,95.52,1.29000000000001,0.534195933456562
2025,Chinese Grand Prix,PIA,McLaren,31,2,17,HARD,96.662,1,35.8,27.2,56,1318,1.14200000000001,15,95.52,1.14200000000001,0.517560073937153
2025,Chinese Grand Prix,PIA,McLaren,32,2,18,HARD,96.698,1,35.8,27.2,54.2,1319,1.178,16,95.52,1.178,0.500924214417745
2025,Chinese Grand Prix,PIA,McLaren,33,2,19,HARD,96.449,1,35.8,27.2,52.4,1320,0.929000000000002,17,95.52,0.929000000000002,0.484288354898336
2025,Chinese Grand Prix,PIA,McLaren,34,2,20,HARD,96.804,1,35.8,27.2,50.6,1321,1.28400000000001,18,95.52,1.28400000000001,0.467652495378928
2025,Chinese Grand Prix,PIA,McLaren,35,2,21,HARD,96.64,1,35.8,27.2,48.8,1322,1.12,19,95.52,1.12,0.451016635859519
2025,Chinese Grand Prix,PIA,McLaren,36,2,22,HARD,96.795,1,35.8,27.2,47,1323,1.27500000000001,20,95.52,1.27500000000001,0.434380776340111
2025,Chinese Grand Prix,PIA,McLaren,37,2,23,HARD,96.69,1,35.8,27.2,45.2,1324,1.17,21,95.52,1.17,0.417744916820702
2025,Chinese Grand Prix,PIA,McLaren,38,2,24,HARD,96.527,1,35.8,27.2,43.4,1325,1.00700000000001,22,95.52,1.00700000000001,0.401109057301294
2025,Chinese Grand Prix,PIA,McLaren,39,2,25,HARD,96.2,1,35.8,27.2,41.6,1326,0.680000000000007,23,95.52,0.680000000000007,0.384473197781885
2025,Chinese Grand Prix,PIA,McLaren,40,2,26,HARD,96.009,1,35.8,27.2,39.8,1327,0.489000000000004,24,95.52,0.489000000000004,0.367837338262477
2025,Chinese Grand Prix,PIA,McLaren,41,2,27,HARD,96.028,1,35.8,27.2,38,1328,0.50800000000001,25,95.52,0.50800000000001,0.351201478743068
2025,Chinese Grand Prix,PIA,McLaren,42,2,28,HARD,96.319,1,35.8,27.2,36.2,1329,0.799000000000007,26,95.52,0.799000000000007,0.33456561922366
2025,Chinese Grand Prix,PIA,McLaren,43,2,29,HARD,96.366,1,35.8,27.2,34.4,1330,0.846000000000004,27,95.52,0.846000000000004,0.317929759704251
2025,Chinese Grand Prix,PIA,McLaren,44,2,30,HARD,96.533,1,35.8,27.2,32.6,1331,1.01300000000001,28,95.52,1.01300000000001,0.301293900184843
2025,Chinese Grand Prix,PIA,McLaren,45,2,31,HARD,96.674,1,35.8,27.2,30.8,1332,1.15400000000001,29,95.52,1.15400000000001,0.284658040665434
2025,Chinese Grand Prix,PIA,McLaren,46,2,32,HARD,96.46,1,35.8,27.2,29,1333,0.939999999999998,30,95.52,0.939999999999998,0.268022181146026
2025,Chinese Grand Prix,PIA,McLaren,47,2,33,HARD,96.139,1,35.8,27.2,27.2,1334,0.619,31,95.52,0.619,0.251386321626617
2025,Chinese Grand Prix,PIA,McLaren,48,2,34,HARD,96.002,1,35.8,27.2,25.4,1335,0.481999999999999,32,95.52,0.481999999999999,0.234750462107209
2025,Chinese Grand Prix,PIA,McLaren,49,2,35,HARD,95.968,1,35.8,27.2,23.6,1336,0.448000000000008,33,95.52,0.448000000000008,0.2181146025878
2025,Chinese Grand Prix,PIA,McLaren,50,2,36,HARD,95.624,1,35.8,27.2,21.8,1337,0.103999999999999,34,95.52,0.103999999999999,0.201478743068392
2025,Chinese Grand Prix,PIA,McLaren,51,2,37,HARD,96.107,1,35.8,27.2,20,1338,0.587000000000003,35,95.52,0.587000000000003,0.184842883548983
2025,Chinese Grand Prix,PIA,McLaren,52,2,38,HARD,95.78,1,35.8,27.2,18.2,1339,0.260000000000005,36,95.52,0.260000000000005,0.168207024029575
2025,Chinese Grand Prix,PIA,McLaren,53,2,39,HARD,95.52,1,35.8,27.2,16.4,1340,0,37,95.52,0,0.151571164510166
2025,Chinese Grand Prix,PIA,McLaren,54,2,40,HARD,95.641,1,35.8,27.2,14.6,1341,0.121000000000009,38,95.52,0.121000000000009,0.134935304990758
2025,Chinese Grand Prix,PIA,McLaren,55,2,41,HARD,95.976,1,35.8,27.2,12.8,1342,0.456000000000003,39,95.52,0.456000000000003,0.118299445471349
2025,Chinese Grand Prix,PIA,McLaren,56,2,42,HARD,96.934,1,35.8,27.2,11,1343,1.414,40,95.52,1.414,0.101663585951941
2025,Emilia Romagna Grand Prix,PIA,McLaren,2,1,2,MEDIUM,81.601,2,42.7,24,108.2,1344,2.70699999999999,1,81.096,0.504999999999995,1
2025,Emilia Romagna Grand Prix,PIA,McLaren,3,1,3,MEDIUM,81.345,2,42.7,24,106.4,1345,2.45099999999999,2,81.096,0.248999999999995,0.983364140480592
2025,Emilia Romagna Grand Prix,PIA,McLaren,4,1,4,MEDIUM,81.29,2,42.7,24,104.6,1346,2.396,3,81.096,0.194000000000003,0.966728280961183
2025,Emilia Romagna Grand Prix,PIA,McLaren,5,1,5,MEDIUM,81.096,2,42.7,24,102.8,1347,2.202,4,81.096,0,0.950092421441774
2025,Emilia Romagna Grand Prix,PIA,McLaren,6,1,6,MEDIUM,81.316,2,42.7,24,101,1348,2.422,5,81.096,0.219999999999999,0.933456561922366
2025,Emilia Romagna Grand Prix,PIA,McLaren,7,1,7,MEDIUM,81.407,2,42.7,24,99.2,1349,2.51299999999999,6,81.096,0.310999999999993,0.916820702402958
2025,Emilia Romagna Grand Prix,PIA,McLaren,8,1,8,MEDIUM,81.178,2,42.7,24,97.4,1350,2.28399999999999,7,81.096,0.0819999999999936,0.900184842883549
2025,Emilia Romagna Grand Prix,PIA,McLaren,9,1,9,MEDIUM,81.168,2,42.7,24,95.6,1351,2.274,8,81.096,0.0720000000000027,0.88354898336414
2025,Emilia Romagna Grand Prix,PIA,McLaren,10,1,10,MEDIUM,81.742,2,42.7,24,93.8,1352,2.848,9,81.096,0.646000000000001,0.866913123844732
2025,Emilia Romagna Grand Prix,PIA,McLaren,11,1,11,MEDIUM,81.741,2,42.7,24,92,1353,2.84699999999999,10,81.096,0.644999999999996,0.850277264325323
2025,Emilia Romagna Grand Prix,PIA,McLaren,16,2,3,HARD,80.885,11,42.7,24,83,1354,1.991,1,80.698,0.187000000000012,0.767097966728281
2025,Emilia Romagna Grand Prix,PIA,McLaren,17,2,4,HARD,81.908,11,42.7,24,81.2,1355,3.014,2,80.698,1.21000000000001,0.750462107208873
2025,Emilia Romagna Grand Prix,PIA,McLaren,18,2,5,HARD,82.16,10,42.7,24,79.4,1356,3.26599999999999,3,80.698,1.462,0.733826247689464
2025,Emilia Romagna Grand Prix,PIA,McLaren,19,2,6,HARD,81.572,9,42.7,24,77.6,1357,2.678,4,80.698,0.874000000000009,0.717190388170055
2025,Emilia Romagna Grand Prix,PIA,McLaren,20,2,7,HARD,81.553,8,42.7,24,75.8,1358,2.65899999999999,5,80.698,0.855000000000004,0.700554528650647
2025,Emilia Romagna Grand Prix,PIA,McLaren,21,2,8,HARD,81.403,8,42.7,24,74,1359,2.509,6,80.698,0.705000000000013,0.683918669131238
2025,Emilia Romagna Grand Prix,PIA,McLaren,22,2,9,HARD,80.939,7,42.7,24,72.2,1360,2.04499999999999,7,80.698,0.241,0.66728280961183
2025,Emilia Romagna Grand Prix,PIA,McLaren,23,2,10,HARD,80.74,7,42.7,24,70.4,1361,1.84599999999999,8,80.698,0.0420000000000016,0.650646950092421
2025,Emilia Romagna Grand Prix,PIA,McLaren,24,2,11,HARD,80.698,7,42.7,24,68.6,1362,1.80399999999999,9,80.698,0,0.634011090573013
2025,Emilia Romagna Grand Prix,PIA,McLaren,25,2,12,HARD,81.516,7,42.7,24,66.8,1363,2.622,10,80.698,0.818000000000012,0.617375231053604
2025,Emilia Romagna Grand Prix,PIA,McLaren,26,2,13,HARD,81.605,6,42.7,24,65,1364,2.711,11,80.698,0.907000000000011,0.600739371534196
2025,Emilia Romagna Grand Prix,PIA,McLaren,27,2,14,HARD,80.942,5,42.7,24,63.2,1365,2.04799999999999,12,80.698,0.244,0.584103512014787
2025,Emilia Romagna Grand Prix,PIA,McLaren,33,3,3,HARD,79.769,4,42.7,24,52.4,1366,0.875,1,78.894,0.875,0.484288354898336
2025,Emilia Romagna Grand Prix,PIA,McLaren,34,3,4,HARD,79.774,4,42.7,24,50.6,1367,0.879999999999995,2,78.894,0.879999999999995,0.467652495378928
2025,Emilia Romagna Grand Prix,PIA,McLaren,35,3,5,HARD,79.656,4,42.7,24,48.8,1368,0.762,3,78.894,0.762,0.451016635859519
2025,Emilia Romagna Grand Prix,PIA,McLaren,36,3,6,HARD,79.741,4,42.7,24,47,1369,0.846999999999994,4,78.894,0.846999999999994,0.434380776340111
2025,Emilia Romagna Grand Prix,PIA,McLaren,37,3,7,HARD,79.583,4,42.7,24,45.2,1370,0.688999999999993,5,78.894,0.688999999999993,0.417744916820702
2025,Emilia Romagna Grand Prix,PIA,McLaren,38,3,8,HARD,79.743,4,42.7,24,43.4,1371,0.84899999999999,6,78.894,0.84899999999999,0.401109057301294
2025,Emilia Romagna Grand Prix,PIA,McLaren,39,3,9,HARD,80.061,4,42.7,24,41.6,1372,1.167,7,78.894,1.167,0.384473197781885
2025,Emilia Romagna Grand Prix,PIA,McLaren,40,3,10,HARD,79.398,3,42.7,24,39.8,1373,0.503999999999991,8,78.894,0.503999999999991,0.367837338262477
2025,Emilia Romagna Grand Prix,PIA,McLaren,41,3,11,HARD,80.458,3,42.7,24,38,1374,1.56399999999999,9,78.894,1.56399999999999,0.351201478743068
2025,Emilia Romagna Grand Prix,PIA,McLaren,42,3,12,HARD,79.959,3,42.7,24,36.2,1375,1.065,10,78.894,1.065,0.33456561922366
2025,Emilia Romagna Grand Prix,PIA,McLaren,43,3,13,HARD,79.231,3,42.7,24,34.4,1376,0.336999999999989,11,78.894,0.336999999999989,0.317929759704251
2025,Emilia Romagna Grand Prix,PIA,McLaren,44,3,14,HARD,79.849,3,42.7,24,32.6,1377,0.954999999999998,12,78.894,0.954999999999998,0.301293900184843
2025,Emilia Romagna Grand Prix,PIA,McLaren,45,3,15,HARD,80.339,3,42.7,24,30.8,1378,1.44499999999999,13,78.894,1.44499999999999,0.284658040665434
2025,Emilia Romagna Grand Prix,PIA,McLaren,54,3,24,HARD,79.451,2,42.7,24,14.6,1379,0.556999999999988,14,78.894,0.556999999999988,0.134935304990758
2025,Emilia Romagna Grand Prix,PIA,McLaren,55,3,25,HARD,79.106,2,42.7,24,12.8,1380,0.211999999999989,15,78.894,0.211999999999989,0.118299445471349
2025,Emilia Romagna Grand Prix,PIA,McLaren,56,3,26,HARD,78.894,2,42.7,24,11,1381,0,16,78.894,0,0.101663585951941
2025,Emilia Romagna Grand Prix,PIA,McLaren,57,3,27,HARD,79.191,2,42.7,24,9.2,1382,0.296999999999997,17,78.894,0.296999999999997,0.0850277264325323
2025,Emilia Romagna Grand Prix,PIA,McLaren,58,3,28,HARD,81.102,3,42.7,24,7.4,1383,2.208,18,78.894,2.208,0.0683918669131238
2025,Emilia Romagna Grand Prix,PIA,McLaren,59,3,29,HARD,79.629,3,42.7,24,5.6,1384,0.734999999999999,19,78.894,0.734999999999999,0.0517560073937153
2025,Emilia Romagna Grand Prix,PIA,McLaren,60,3,30,HARD,79.483,3,42.7,24,3.8,1385,0.588999999999999,20,78.894,0.588999999999999,0.0351201478743068
2025,Emilia Romagna Grand Prix,PIA,McLaren,61,3,31,HARD,79.725,3,42.7,24,2,1386,0.830999999999989,21,78.894,0.830999999999989,0.0184842883548983
2025,Emilia Romagna Grand Prix,PIA,McLaren,62,3,32,HARD,79.349,3,42.7,24,0.2,1387,0.454999999999998,22,78.894,0.454999999999998,0.00184842883548983
2025,Emilia Romagna Grand Prix,PIA,McLaren,63,3,33,HARD,79.546,3,42.7,24,0,1388,0.652000000000001,23,78.894,0.652000000000001,0
2025,Japanese Grand Prix,PIA,McLaren,2,1,2,MEDIUM,94.084,3,20.5,14.4,108.2,1389,3.045,1,93.253,0.831000000000003,1
2025,Japanese Grand Prix,PIA,McLaren,3,1,3,MEDIUM,94.042,3,20.5,14.4,106.4,1390,3.003,2,93.253,0.789000000000001,0.983364140480592
2025,Japanese Grand Prix,PIA,McLaren,4,1,4,MEDIUM,93.699,3,20.5,14.4,104.6,1391,2.66,3,93.253,0.445999999999998,0.966728280961183
2025,Japanese Grand Prix,PIA,McLaren,5,1,5,MEDIUM,93.967,3,20.5,14.4,102.8,1392,2.928,4,93.253,0.713999999999999,0.950092421441774
2025,Japanese Grand Prix,PIA,McLaren,6,1,6,MEDIUM,93.831,3,20.5,14.4,101,1393,2.792,5,93.253,0.578000000000003,0.933456561922366
2025,Japanese Grand Prix,PIA,McLaren,7,1,7,MEDIUM,93.849,3,20.5,14.4,99.2,1394,2.81,6,93.253,0.596000000000004,0.916820702402958
2025,Japanese Grand Prix,PIA,McLaren,8,1,8,MEDIUM,93.772,3,20.5,14.4,97.4,1395,2.733,7,93.253,0.519000000000005,0.900184842883549
2025,Japanese Grand Prix,PIA,McLaren,9,1,9,MEDIUM,93.59,3,20.5,14.4,95.6,1396,2.551,8,93.253,0.337000000000003,0.88354898336414
2025,Japanese Grand Prix,PIA,McLaren,10,1,10,MEDIUM,94.175,3,20.5,14.4,93.8,1397,3.136,9,93.253,0.921999999999997,0.866913123844732
2025,Japanese Grand Prix,PIA,McLaren,11,1,11,MEDIUM,93.479,3,20.5,14.4,92,1398,2.44,10,93.253,0.225999999999999,0.850277264325323
2025,Japanese Grand Prix,PIA,McLaren,12,1,12,MEDIUM,93.334,3,20.5,14.4,90.2,1399,2.295,11,93.253,0.0810000000000031,0.833641404805915
2025,Japanese Grand Prix,PIA,McLaren,13,1,13,MEDIUM,93.253,3,20.5,14.4,88.4,1400,2.214,12,93.253,0,0.817005545286506
2025,Japanese Grand Prix,PIA,McLaren,14,1,14,MEDIUM,93.56,3,20.5,14.4,86.6,1401,2.521,13,93.253,0.307000000000002,0.800369685767098
2025,Japanese Grand Prix,PIA,McLaren,15,1,15,MEDIUM,93.361,3,20.5,14.4,84.8,1402,2.322,14,93.253,0.108000000000004,0.783733826247689
2025,Japanese Grand Prix,PIA,McLaren,16,1,16,MEDIUM,93.572,3,20.5,14.4,83,1403,2.533,15,93.253,0.319000000000003,0.767097966728281
2025,Japanese Grand Prix,PIA,McLaren,17,1,17,MEDIUM,93.667,3,20.5,14.4,81.2,1404,2.628,16,93.253,0.414000000000001,0.750462107208873
2025,Japanese Grand Prix,PIA,McLaren,18,1,18,MEDIUM,93.66,3,20.5,14.4,79.4,1405,2.621,17,93.253,0.406999999999996,0.733826247689464
2025,Japanese Grand Prix,PIA,McLaren,23,2,3,HARD,93.017,7,20.5,14.4,70.4,1406,1.97799999999999,1,91.039,1.97799999999999,0.650646950092421
2025,Japanese Grand Prix,PIA,McLaren,24,2,4,HARD,92.386,6,20.5,14.4,68.6,1407,1.34699999999999,2,91.039,1.34699999999999,0.634011090573013
2025,Japanese Grand Prix,PIA,McLaren,25,2,5,HARD,92.399,6,20.5,14.4,66.8,1408,1.36,3,91.039,1.36,0.617375231053604
2025,Japanese Grand Prix,PIA,McLaren,26,2,6,HARD,92.44,5,20.5,14.4,65,1409,1.401,4,91.039,1.401,0.600739371534196
2025,Japanese Grand Prix,PIA,McLaren,27,2,7,HARD,92.435,5,20.5,14.4,63.2,1410,1.396,5,91.039,1.396,0.584103512014787
2025,Japanese Grand Prix,PIA,McLaren,28,2,8,HARD,92.142,5,20.5,14.4,61.4,1411,1.10299999999999,6,91.039,1.10299999999999,0.567467652495379
2025,Japanese Grand Prix,PIA,McLaren,29,2,9,HARD,92.181,5,20.5,14.4,59.6,1412,1.142,7,91.039,1.142,0.55083179297597
2025,Japanese Grand Prix,PIA,McLaren,30,2,10,HARD,92.047,5,20.5,14.4,57.8,1413,1.008,8,91.039,1.008,0.534195933456562
2025,Japanese Grand Prix,PIA,McLaren,31,2,11,HARD,92.001,4,20.5,14.4,56,1414,0.962000000000003,9,91.039,0.962000000000003,0.517560073937153
2025,Japanese Grand Prix,PIA,McLaren,32,2,12,HARD,91.828,3,20.5,14.4,54.2,1415,0.789000000000001,10,91.039,0.789000000000001,0.500924214417745
2025,Japanese Grand Prix,PIA,McLaren,33,2,13,HARD,91.432,3,20.5,14.4,52.4,1416,0.393000000000001,11,91.039,0.393000000000001,0.484288354898336
2025,Japanese Grand Prix,PIA,McLaren,34,2,14,HARD,91.681,3,20.5,14.4,50.6,1417,0.641999999999996,12,91.039,0.641999999999996,0.467652495378928
2025,Japanese Grand Prix,PIA,McLaren,35,2,15,HARD,91.854,3,20.5,14.4,48.8,1418,0.814999999999998,13,91.039,0.814999999999998,0.451016635859519
2025,Japanese Grand Prix,PIA,McLaren,36,2,16,HARD,91.615,3,20.5,14.4,47,1419,0.575999999999993,14,91.039,0.575999999999993,0.434380776340111
2025,Japanese Grand Prix,PIA,McLaren,37,2,17,HARD,91.616,3,20.5,14.4,45.2,1420,0.576999999999998,15,91.039,0.576999999999998,0.417744916820702
2025,Japanese Grand Prix,PIA,McLaren,38,2,18,HARD,91.762,3,20.5,14.4,43.4,1421,0.722999999999999,16,91.039,0.722999999999999,0.401109057301294
2025,Japanese Grand Prix,PIA,McLaren,39,2,19,HARD,91.631,3,20.5,14.4,41.6,1422,0.591999999999999,17,91.039,0.591999999999999,0.384473197781885
2025,Japanese Grand Prix,PIA,McLaren,40,2,20,HARD,91.475,3,20.5,14.4,39.8,1423,0.435999999999993,18,91.039,0.435999999999993,0.367837338262477
2025,Japanese Grand Prix,PIA,McLaren,41,2,21,HARD,91.565,3,20.5,14.4,38,1424,0.525999999999996,19,91.039,0.525999999999996,0.351201478743068
2025,Japanese Grand Prix,PIA,McLaren,42,2,22,HARD,91.33,3,20.5,14.4,36.2,1425,0.290999999999997,20,91.039,0.290999999999997,0.33456561922366
2025,Japanese Grand Prix,PIA,McLaren,43,2,23,HARD,91.42,3,20.5,14.4,34.4,1426,0.381,21,91.039,0.381,0.317929759704251
2025,Japanese Grand Prix,PIA,McLaren,44,2,24,HARD,91.875,3,20.5,14.4,32.6,1427,0.835999999999999,22,91.039,0.835999999999999,0.301293900184843
2025,Japanese Grand Prix,PIA,McLaren,45,2,25,HARD,91.551,3,20.5,14.4,30.8,1428,0.512,23,91.039,0.512,0.284658040665434
2025,Japanese Grand Prix,PIA,McLaren,46,2,26,HARD,91.284,3,20.5,14.4,29,1429,0.245000000000005,24,91.039,0.245000000000005,0.268022181146026
2025,Japanese Grand Prix,PIA,McLaren,47,2,27,HARD,91.222,3,20.5,14.4,27.2,1430,0.182999999999993,25,91.039,0.182999999999993,0.251386321626617
2025,Japanese Grand Prix,PIA,McLaren,48,2,28,HARD,91.109,3,20.5,14.4,25.4,1431,0.0699999999999932,26,91.039,0.0699999999999932,0.234750462107209
2025,Japanese Grand Prix,PIA,McLaren,49,2,29,HARD,91.841,3,20.5,14.4,23.6,1432,0.801999999999992,27,91.039,0.801999999999992,0.2181146025878
2025,Japanese Grand Prix,PIA,McLaren,50,2,30,HARD,91.544,3,20.5,14.4,21.8,1433,0.504999999999995,28,91.039,0.504999999999995,0.201478743068392
2025,Japanese Grand Prix,PIA,McLaren,51,2,31,HARD,91.139,3,20.5,14.4,20,1434,0.0999999999999943,29,91.039,0.0999999999999943,0.184842883548983
2025,Japanese Grand Prix,PIA,McLaren,52,2,32,HARD,91.201,3,20.5,14.4,18.2,1435,0.161999999999992,30,91.039,0.161999999999992,0.168207024029575
2025,Japanese Grand Prix,PIA,McLaren,53,2,33,HARD,91.039,3,20.5,14.4,16.4,1436,0,31,91.039,0,0.151571164510166
2025,Miami Grand Prix,PIA,McLaren,25,1,1,MEDIUM,91.392,1,38.7,26.6,66.8,1437,1.56999999999999,1,90.17,1.22199999999999,0.617375231053604
2025,Miami Grand Prix,PIA,McLaren,26,1,2,MEDIUM,91.507,1,38.7,26.6,65,1438,1.685,2,90.17,1.337,0.600739371534196
2025,Miami Grand Prix,PIA,McLaren,27,1,3,MEDIUM,91.432,1,38.7,26.6,63.2,1439,1.61,3,90.17,1.262,0.584103512014787
2025,Miami Grand Prix,PIA,McLaren,28,1,4,MEDIUM,91.718,1,38.7,26.6,61.4,1440,1.896,4,90.17,1.548,0.567467652495379
2025,Miami Grand Prix,PIA,McLaren,31,1,7,MEDIUM,90.17,1,38.7,26.6,56,1441,0.347999999999999,5,90.17,0,0.517560073937153
2025,Miami Grand Prix,PIA,McLaren,36,2,4,HARD,90.201,1,38.7,26.6,47,1442,0.378999999999991,1,89.992,0.208999999999989,0.434380776340111
2025,Miami Grand Prix,PIA,McLaren,37,2,5,HARD,90.07,1,38.7,26.6,45.2,1443,0.24799999999999,2,89.992,0.0779999999999887,0.417744916820702
2025,Miami Grand Prix,PIA,McLaren,38,2,6,HARD,90.167,1,38.7,26.6,43.4,1444,0.344999999999999,3,89.992,0.174999999999997,0.401109057301294
2025,Miami Grand Prix,PIA,McLaren,39,2,7,HARD,90.194,1,38.7,26.6,41.6,1445,0.372,4,89.992,0.201999999999998,0.384473197781885
2025,Miami Grand Prix,PIA,McLaren,40,2,8,HARD,90.236,1,38.7,26.6,39.8,1446,0.414000000000001,5,89.992,0.244,0.367837338262477
2025,Miami Grand Prix,PIA,McLaren,41,2,9,HARD,90.37,1,38.7,26.6,38,1447,0.548000000000002,6,89.992,0.378,0.351201478743068
2025,Miami Grand Prix,PIA,McLaren,42,2,10,HARD,90.307,1,38.7,26.6,36.2,1448,0.484999999999999,7,89.992,0.314999999999998,0.33456561922366
2025,Miami Grand Prix,PIA,McLaren,43,2,11,HARD,90.413,1,38.7,26.6,34.4,1449,0.590999999999994,8,89.992,0.420999999999992,0.317929759704251
2025,Miami Grand Prix,PIA,McLaren,44,2,12,HARD,90.137,1,38.7,26.6,32.6,1450,0.314999999999998,9,89.992,0.144999999999996,0.301293900184843
2025,Miami Grand Prix,PIA,McLaren,45,2,13,HARD,90.589,1,38.7,26.6,30.8,1451,0.766999999999996,10,89.992,0.596999999999994,0.284658040665434
2025,Miami Grand Prix,PIA,McLaren,46,2,14,HARD,90.653,1,38.7,26.6,29,1452,0.831000000000003,11,89.992,0.661000000000001,0.268022181146026
2025,Miami Grand Prix,PIA,McLaren,47,2,15,HARD,90.372,1,38.7,26.6,27.2,1453,0.549999999999997,12,89.992,0.379999999999995,0.251386321626617
2025,Miami Grand Prix,PIA,McLaren,48,2,16,HARD,90.559,1,38.7,26.6,25.4,1454,0.736999999999995,13,89.992,0.566999999999993,0.234750462107209
2025,Miami Grand Prix,PIA,McLaren,49,2,17,HARD,89.992,1,38.7,26.6,23.6,1455,0.170000000000002,14,89.992,0,0.2181146025878
2025,Miami Grand Prix,PIA,McLaren,50,2,18,HARD,90.136,1,38.7,26.6,21.8,1456,0.313999999999993,15,89.992,0.143999999999991,0.201478743068392
2025,Miami Grand Prix,PIA,McLaren,51,2,19,HARD,90.103,1,38.7,26.6,20,1457,0.280999999999992,16,89.992,0.11099999999999,0.184842883548983
2025,Miami Grand Prix,PIA,McLaren,52,2,20,HARD,90.245,1,38.7,26.6,18.2,1458,0.423000000000002,17,89.992,0.253,0.168207024029575
2025,Miami Grand Prix,PIA,McLaren,53,2,21,HARD,90.658,1,38.7,26.6,16.4,1459,0.835999999999999,18,89.992,0.665999999999997,0.151571164510166
2025,Miami Grand Prix,PIA,McLaren,54,2,22,HARD,90.269,1,38.7,26.6,14.6,1460,0.447000000000003,19,89.992,0.277000000000001,0.134935304990758
2025,Miami Grand Prix,PIA,McLaren,55,2,23,HARD,90.761,1,38.7,26.6,12.8,1461,0.938999999999993,20,89.992,0.768999999999991,0.118299445471349
2025,Miami Grand Prix,PIA,McLaren,56,2,24,HARD,90.579,1,38.7,26.6,11,1462,0.756999999999991,21,89.992,0.586999999999989,0.101663585951941
2025,Miami Grand Prix,PIA,McLaren,57,2,25,HARD,90.441,1,38.7,26.6,9.2,1463,0.619,22,89.992,0.448999999999998,0.0850277264325323
2025,Monaco Grand Prix,PIA,McLaren,5,1,5,MEDIUM,80.048,3,43.3,22.2,102.8,1464,6.303,1,74.934,5.114,0.950092421441774
2025,Monaco Grand Prix,PIA,McLaren,6,1,6,MEDIUM,79.793,3,43.3,22.2,101,1465,6.048,2,74.934,4.85900000000001,0.933456561922366
2025,Monaco Grand Prix,PIA,McLaren,7,1,7,MEDIUM,79.261,3,43.3,22.2,99.2,1466,5.51599999999999,3,74.934,4.327,0.916820702402958
2025,Monaco Grand Prix,PIA,McLaren,12,1,12,MEDIUM,77.393,3,43.3,22.2,90.2,1467,3.648,4,74.934,2.459,0.833641404805915
2025,Monaco Grand Prix,PIA,McLaren,13,1,13,MEDIUM,76.748,3,43.3,22.2,88.4,1468,3.003,5,74.934,1.81400000000001,0.817005545286506
2025,Monaco Grand Prix,PIA,McLaren,14,1,14,MEDIUM,76.412,3,43.3,22.2,86.6,1469,2.667,6,74.934,1.47800000000001,0.800369685767098
2025,Monaco Grand Prix,PIA,McLaren,15,1,15,MEDIUM,75.522,3,43.3,22.2,84.8,1470,1.777,7,74.934,0.588000000000008,0.783733826247689
2025,Monaco Grand Prix,PIA,McLaren,16,1,16,MEDIUM,75.643,3,43.3,22.2,83,1471,1.898,8,74.934,0.709000000000003,0.767097966728281
2025,Monaco Grand Prix,PIA,McLaren,17,1,17,MEDIUM,75.457,3,43.3,22.2,81.2,1472,1.71199999999999,9,74.934,0.522999999999996,0.750462107208873
2025,Monaco Grand Prix,PIA,McLaren,18,1,18,MEDIUM,74.934,3,43.3,22.2,79.4,1473,1.18899999999999,10,74.934,0,0.733826247689464
2025,Monaco Grand Prix,PIA,McLaren,23,2,3,HARD,77.79,4,43.3,22.2,70.4,1474,4.045,1,74.137,3.65300000000001,0.650646950092421
2025,Monaco Grand Prix,PIA,McLaren,24,2,4,HARD,75.487,4,43.3,22.2,68.6,1475,1.74199999999999,2,74.137,1.34999999999999,0.634011090573013
2025,Monaco Grand Prix,PIA,McLaren,25,2,5,HARD,74.94,4,43.3,22.2,66.8,1476,1.19499999999999,3,74.137,0.802999999999997,0.617375231053604
2025,Monaco Grand Prix,PIA,McLaren,26,2,6,HARD,74.96,4,43.3,22.2,65,1477,1.21499999999999,4,74.137,0.822999999999993,0.600739371534196
2025,Monaco Grand Prix,PIA,McLaren,27,2,7,HARD,74.772,4,43.3,22.2,63.2,1478,1.027,5,74.137,0.635000000000005,0.584103512014787
2025,Monaco Grand Prix,PIA,McLaren,28,2,8,HARD,75.556,3,43.3,22.2,61.4,1479,1.81099999999999,6,74.137,1.419,0.567467652495379
2025,Monaco Grand Prix,PIA,McLaren,29,2,9,HARD,74.736,3,43.3,22.2,59.6,1480,0.991,7,74.137,0.599000000000004,0.55083179297597
2025,Monaco Grand Prix,PIA,McLaren,30,2,10,HARD,74.868,3,43.3,22.2,57.8,1481,1.12299999999999,8,74.137,0.730999999999995,0.534195933456562
2025,Monaco Grand Prix,PIA,McLaren,31,2,11,HARD,75.735,3,43.3,22.2,56,1482,1.98999999999999,9,74.137,1.598,0.517560073937153
2025,Monaco Grand Prix,PIA,McLaren,32,2,12,HARD,76.822,3,43.3,22.2,54.2,1483,3.077,10,74.137,2.685,0.500924214417745
2025,Monaco Grand Prix,PIA,McLaren,33,2,13,HARD,76.325,3,43.3,22.2,52.4,1484,2.58,11,74.137,2.188,0.484288354898336
2025,Monaco Grand Prix,PIA,McLaren,34,2,14,HARD,75.947,3,43.3,22.2,50.6,1485,2.202,12,74.137,1.81,0.467652495378928
2025,Monaco Grand Prix,PIA,McLaren,35,2,15,HARD,74.819,3,43.3,22.2,48.8,1486,1.074,13,74.137,0.682000000000002,0.451016635859519
2025,Monaco Grand Prix,PIA,McLaren,36,2,16,HARD,75.107,3,43.3,22.2,47,1487,1.36199999999999,14,74.137,0.969999999999999,0.434380776340111
2025,Monaco Grand Prix,PIA,McLaren,37,2,17,HARD,75.396,3,43.3,22.2,45.2,1488,1.651,15,74.137,1.259,0.417744916820702
2025,Monaco Grand Prix,PIA,McLaren,39,2,19,HARD,74.594,3,43.3,22.2,41.6,1489,0.84899999999999,16,74.137,0.456999999999994,0.384473197781885
2025,Monaco Grand Prix,PIA,McLaren,40,2,20,HARD,74.344,3,43.3,22.2,39.8,1490,0.59899999999999,17,74.137,0.206999999999994,0.367837338262477
2025,Monaco Grand Prix,PIA,McLaren,41,2,21,HARD,74.297,3,43.3,22.2,38,1491,0.551999999999992,18,74.137,0.159999999999997,0.351201478743068
2025,Monaco Grand Prix,PIA,McLaren,42,2,22,HARD,74.137,3,43.3,22.2,36.2,1492,0.391999999999996,19,74.137,0,0.33456561922366
2025,Monaco Grand Prix,PIA,McLaren,43,2,23,HARD,75.181,3,43.3,22.2,34.4,1493,1.43599999999999,20,74.137,1.044,0.317929759704251
2025,Monaco Grand Prix,PIA,McLaren,44,2,24,HARD,74.676,3,43.3,22.2,32.6,1494,0.930999999999997,21,74.137,0.539000000000001,0.301293900184843
2025,Monaco Grand Prix,PIA,McLaren,45,2,25,HARD,75.124,3,43.3,22.2,30.8,1495,1.37899999999999,22,74.137,0.986999999999995,0.284658040665434
2025,Monaco Grand Prix,PIA,McLaren,46,2,26,HARD,74.875,3,43.3,22.2,29,1496,1.13,23,74.137,0.738,0.268022181146026
2025,Monaco Grand Prix,PIA,McLaren,51,3,3,HARD,74.713,4,43.3,22.2,20,1497,0.967999999999989,1,73.745,0.967999999999989,0.184842883548983
2025,Monaco Grand Prix,PIA,McLaren,52,3,4,HARD,74.087,4,43.3,22.2,18.2,1498,0.341999999999999,2,73.745,0.341999999999999,0.168207024029575
2025,Monaco Grand Prix,PIA,McLaren,53,3,5,HARD,74.004,4,43.3,22.2,16.4,1499,0.259,3,73.745,0.259,0.151571164510166
2025,Monaco Grand Prix,PIA,McLaren,54,3,6,HARD,74.703,4,43.3,22.2,14.6,1500,0.957999999999998,4,73.745,0.957999999999998,0.134935304990758
2025,Monaco Grand Prix,PIA,McLaren,55,3,7,HARD,76.244,4,43.3,22.2,12.8,1501,2.499,5,73.745,2.499,0.118299445471349
2025,Monaco Grand Prix,PIA,McLaren,56,3,8,HARD,75.113,4,43.3,22.2,11,1502,1.36799999999999,6,73.745,1.36799999999999,0.101663585951941
2025,Monaco Grand Prix,PIA,McLaren,57,3,9,HARD,74.81,4,43.3,22.2,9.2,1503,1.065,7,73.745,1.065,0.0850277264325323
2025,Monaco Grand Prix,PIA,McLaren,58,3,10,HARD,74.83,4,43.3,22.2,7.4,1504,1.08499999999999,8,73.745,1.08499999999999,0.0683918669131238
2025,Monaco Grand Prix,PIA,McLaren,59,3,11,HARD,73.916,4,43.3,22.2,5.6,1505,0.170999999999992,9,73.745,0.170999999999992,0.0517560073937153
2025,Monaco Grand Prix,PIA,McLaren,60,3,12,HARD,73.745,4,43.3,22.2,3.8,1506,0,10,73.745,0,0.0351201478743068
2025,Monaco Grand Prix,PIA,McLaren,61,3,13,HARD,74.485,4,43.3,22.2,2,1507,0.739999999999995,11,73.745,0.739999999999995,0.0184842883548983
2025,Monaco Grand Prix,PIA,McLaren,62,3,14,HARD,75.213,4,43.3,22.2,0.2,1508,1.46799999999999,12,73.745,1.46799999999999,0.00184842883548983
2025,Monaco Grand Prix,PIA,McLaren,63,3,15,HARD,74.381,4,43.3,22.2,0,1509,0.635999999999996,13,73.745,0.635999999999996,0
2025,Monaco Grand Prix,PIA,McLaren,64,3,16,HARD,75.204,4,43.3,22.2,0,1510,1.45899999999999,14,73.745,1.45899999999999,0
2025,Monaco Grand Prix,PIA,McLaren,65,3,17,HARD,74.661,4,43.3,22.2,0,1511,0.915999999999997,15,73.745,0.915999999999997,0
2025,Monaco Grand Prix,PIA,McLaren,66,3,18,HARD,75.106,4,43.3,22.2,0,1512,1.36099999999999,16,73.745,1.36099999999999,0
2025,Monaco Grand Prix,PIA,McLaren,67,3,19,HARD,75.014,4,43.3,22.2,0,1513,1.26899999999999,17,73.745,1.26899999999999,0
2025,Monaco Grand Prix,PIA,McLaren,68,3,20,HARD,75.26,4,43.3,22.2,0,1514,1.515,18,73.745,1.515,0
2025,Monaco Grand Prix,PIA,McLaren,69,3,21,HARD,75.638,4,43.3,22.2,0,1515,1.893,19,73.745,1.893,0
2025,Monaco Grand Prix,PIA,McLaren,70,3,22,HARD,75.899,4,43.3,22.2,0,1516,2.154,20,73.745,2.154,0
2025,Monaco Grand Prix,PIA,McLaren,71,3,23,HARD,75.595,4,43.3,22.2,0,1517,1.84999999999999,21,73.745,1.84999999999999,0
2025,Monaco Grand Prix,PIA,McLaren,72,3,24,HARD,76.141,4,43.3,22.2,0,1518,2.396,22,73.745,2.396,0
2025,Monaco Grand Prix,PIA,McLaren,73,3,25,HARD,76.214,4,43.3,22.2,0,1519,2.46899999999999,23,73.745,2.46899999999999,0
2025,Monaco Grand Prix,PIA,McLaren,74,3,26,HARD,76.193,4,43.3,22.2,0,1520,2.44799999999999,24,73.745,2.44799999999999,0
2025,Monaco Grand Prix,PIA,McLaren,75,3,27,HARD,76.139,4,43.3,22.2,0,1521,2.39399999999999,25,73.745,2.39399999999999,0
2025,Monaco Grand Prix,PIA,McLaren,76,3,28,HARD,75.909,4,43.3,22.2,0,1522,2.164,26,73.745,2.164,0
2025,Monaco Grand Prix,PIA,McLaren,77,3,29,HARD,76.523,3,43.3,22.2,0,1523,2.77799999999999,27,73.745,2.77799999999999,0
2025,Monaco Grand Prix,PIA,McLaren,78,3,30,HARD,75.02,3,43.3,22.2,0,1524,1.27499999999999,28,73.745,1.27499999999999,0
2025,Saudi Arabian Grand Prix,PIA,McLaren,4,1,4,MEDIUM,94.247,2,37.8,29.5,104.6,1525,2.01900000000001,1,93.418,0.828999999999994,0.966728280961183
2025,Saudi Arabian Grand Prix,PIA,McLaren,5,1,5,MEDIUM,93.418,2,37.8,29.5,102.8,1526,1.19000000000001,2,93.418,0,0.950092421441774
2025,Saudi Arabian Grand Prix,PIA,McLaren,6,1,6,MEDIUM,93.917,2,37.8,29.5,101,1527,1.68900000000001,3,93.418,0.498999999999995,0.933456561922366
2025,Saudi Arabian Grand Prix,PIA,McLaren,7,1,7,MEDIUM,93.523,2,37.8,29.5,99.2,1528,1.295,4,93.418,0.10499999999999,0.916820702402958
2025,Saudi Arabian Grand Prix,PIA,McLaren,8,1,8,MEDIUM,93.893,2,37.8,29.5,97.4,1529,1.66500000000001,5,93.418,0.474999999999994,0.900184842883549
2025,Saudi Arabian Grand Prix,PIA,McLaren,9,1,9,MEDIUM,93.5,2,37.8,29.5,95.6,1530,1.27200000000001,6,93.418,0.0819999999999936,0.88354898336414
2025,Saudi Arabian Grand Prix,PIA,McLaren,10,1,10,MEDIUM,94.045,2,37.8,29.5,93.8,1531,1.81700000000001,7,93.418,0.626999999999995,0.866913123844732
2025,Saudi Arabian Grand Prix,PIA,McLaren,11,1,11,MEDIUM,93.808,2,37.8,29.5,92,1532,1.58000000000001,8,93.418,0.390000000000001,0.850277264325323
2025,Saudi Arabian Grand Prix,PIA,McLaren,12,1,12,MEDIUM,93.77,2,37.8,29.5,90.2,1533,1.542,9,93.418,0.35199999999999,0.833641404805915
2025,Saudi Arabian Grand Prix,PIA,McLaren,13,1,13,MEDIUM,94.28,2,37.8,29.5,88.4,1534,2.05200000000001,10,93.418,0.861999999999995,0.817005545286506
2025,Saudi Arabian Grand Prix,PIA,McLaren,14,1,14,MEDIUM,94.072,2,37.8,29.5,86.6,1535,1.84400000000001,11,93.418,0.653999999999996,0.800369685767098
2025,Saudi Arabian Grand Prix,PIA,McLaren,15,1,15,MEDIUM,94.149,2,37.8,29.5,84.8,1536,1.92100000000001,12,93.418,0.730999999999995,0.783733826247689
2025,Saudi Arabian Grand Prix,PIA,McLaren,16,1,16,MEDIUM,94.124,2,37.8,29.5,83,1537,1.896,13,93.418,0.705999999999989,0.767097966728281
2025,Saudi Arabian Grand Prix,PIA,McLaren,17,1,17,MEDIUM,94.279,2,37.8,29.5,81.2,1538,2.051,14,93.418,0.86099999999999,0.750462107208873
2025,Saudi Arabian Grand Prix,PIA,McLaren,22,2,3,HARD,94.024,3,37.8,29.5,72.2,1539,1.79600000000001,1,92.228,1.79600000000001,0.66728280961183
2025,Saudi Arabian Grand Prix,PIA,McLaren,23,2,4,HARD,93.119,3,37.8,29.5,70.4,1540,0.891000000000005,2,92.228,0.891000000000005,0.650646950092421
2025,Saudi Arabian Grand Prix,PIA,McLaren,24,2,5,HARD,92.76,3,37.8,29.5,68.6,1541,0.532000000000011,3,92.228,0.532000000000011,0.634011090573013
2025,Saudi Arabian Grand Prix,PIA,McLaren,25,2,6,HARD,93.092,3,37.8,29.5,66.8,1542,0.864000000000004,4,92.228,0.864000000000004,0.617375231053604
2025,Saudi Arabian Grand Prix,PIA,McLaren,26,2,7,HARD,92.922,3,37.8,29.5,65,1543,0.694000000000003,5,92.228,0.694000000000003,0.600739371534196
2025,Saudi Arabian Grand Prix,PIA,McLaren,27,2,8,HARD,92.875,3,37.8,29.5,63.2,1544,0.647000000000006,6,92.228,0.647000000000006,0.584103512014787
2025,Saudi Arabian Grand Prix,PIA,McLaren,28,2,9,HARD,92.831,3,37.8,29.5,61.4,1545,0.603000000000009,7,92.228,0.603000000000009,0.567467652495379
2025,Saudi Arabian Grand Prix,PIA,McLaren,29,2,10,HARD,92.808,3,37.8,29.5,59.6,1546,0.580000000000013,8,92.228,0.580000000000013,0.55083179297597
2025,Saudi Arabian Grand Prix,PIA,McLaren,30,2,11,HARD,92.938,2,37.8,29.5,57.8,1547,0.710000000000008,9,92.228,0.710000000000008,0.534195933456562
2025,Saudi Arabian Grand Prix,PIA,McLaren,31,2,12,HARD,92.774,2,37.8,29.5,56,1548,0.546000000000006,10,92.228,0.546000000000006,0.517560073937153
2025,Saudi Arabian Grand Prix,PIA,McLaren,32,2,13,HARD,92.787,2,37.8,29.5,54.2,1549,0.559000000000012,11,92.228,0.559000000000012,0.500924214417745
2025,Saudi Arabian Grand Prix,PIA,McLaren,33,2,14,HARD,92.657,2,37.8,29.5,52.4,1550,0.429000000000002,12,92.228,0.429000000000002,0.484288354898336
2025,Saudi Arabian Grand Prix,PIA,McLaren,34,2,15,HARD,93.201,1,37.8,29.5,50.6,1551,0.972999999999999,13,92.228,0.972999999999999,0.467652495378928
2025,Saudi Arabian Grand Prix,PIA,McLaren,35,2,16,HARD,92.555,1,37.8,29.5,48.8,1552,0.327000000000012,14,92.228,0.327000000000012,0.451016635859519
2025,Saudi Arabian Grand Prix,PIA,McLaren,36,2,17,HARD,92.624,1,37.8,29.5,47,1553,0.396000000000001,15,92.228,0.396000000000001,0.434380776340111
2025,Saudi Arabian Grand Prix,PIA,McLaren,37,2,18,HARD,92.7,1,37.8,29.5,45.2,1554,0.472000000000008,16,92.228,0.472000000000008,0.417744916820702
2025,Saudi Arabian Grand Prix,PIA,McLaren,38,2,19,HARD,92.663,1,37.8,29.5,43.4,1555,0.435000000000002,17,92.228,0.435000000000002,0.401109057301294
2025,Saudi Arabian Grand Prix,PIA,McLaren,39,2,20,HARD,92.701,1,37.8,29.5,41.6,1556,0.472999999999999,18,92.228,0.472999999999999,0.384473197781885
2025,Saudi Arabian Grand Prix,PIA,McLaren,40,2,21,HARD,92.778,1,37.8,29.5,39.8,1557,0.550000000000011,19,92.228,0.550000000000011,0.367837338262477
2025,Saudi Arabian Grand Prix,PIA,McLaren,41,2,22,HARD,92.987,1,37.8,29.5,38,1558,0.759,20,92.228,0.759,0.351201478743068
2025,Saudi Arabian Grand Prix,PIA,McLaren,42,2,23,HARD,92.686,1,37.8,29.5,36.2,1559,0.458000000000013,21,92.228,0.458000000000013,0.33456561922366
2025,Saudi Arabian Grand Prix,PIA,McLaren,43,2,24,HARD,92.871,1,37.8,29.5,34.4,1560,0.643000000000001,22,92.228,0.643000000000001,0.317929759704251
2025,Saudi Arabian Grand Prix,PIA,McLaren,44,2,25,HARD,92.815,1,37.8,29.5,32.6,1561,0.587000000000003,23,92.228,0.587000000000003,0.301293900184843
2025,Saudi Arabian Grand Prix,PIA,McLaren,45,2,26,HARD,92.393,1,37.8,29.5,30.8,1562,0.165000000000006,24,92.228,0.165000000000006,0.284658040665434
2025,Saudi Arabian Grand Prix,PIA,McLaren,46,2,27,HARD,93.352,1,37.8,29.5,29,1563,1.12400000000001,25,92.228,1.12400000000001,0.268022181146026
2025,Saudi Arabian Grand Prix,PIA,McLaren,47,2,28,HARD,92.669,1,37.8,29.5,27.2,1564,0.441000000000003,26,92.228,0.441000000000003,0.251386321626617
2025,Saudi Arabian Grand Prix,PIA,McLaren,48,2,29,HARD,92.728,1,37.8,29.5,25.4,1565,0.5,27,92.228,0.5,0.234750462107209
2025,Saudi Arabian Grand Prix,PIA,McLaren,49,2,30,HARD,92.927,1,37.8,29.5,23.6,1566,0.699000000000012,28,92.228,0.699000000000012,0.2181146025878
2025,Saudi Arabian Grand Prix,PIA,McLaren,50,2,31,HARD,92.228,1,37.8,29.5,21.8,1567,0,29,92.228,0,0.201478743068392
2025,Spanish Grand Prix,PIA,McLaren,2,1,2,SOFT,80.211,1,48.5,29.1,108.2,1568,4.468,1,79.866,0.344999999999999,1
2025,Spanish Grand Prix,PIA,McLaren,3,1,3,SOFT,79.866,1,48.5,29.1,106.4,1569,4.123,2,79.866,0,0.983364140480592
2025,Spanish Grand Prix,PIA,McLaren,4,1,4,SOFT,80.359,1,48.5,29.1,104.6,1570,4.616,3,79.866,0.492999999999995,0.966728280961183
2025,Spanish Grand Prix,PIA,McLaren,5,1,5,SOFT,80.467,1,48.5,29.1,102.8,1571,4.724,4,79.866,0.600999999999999,0.950092421441774
2025,Spanish Grand Prix,PIA,McLaren,6,1,6,SOFT,80.254,1,48.5,29.1,101,1572,4.51100000000001,5,79.866,0.388000000000005,0.933456561922366
2025,Spanish Grand Prix,PIA,McLaren,7,1,7,SOFT,80.931,1,48.5,29.1,99.2,1573,5.188,6,79.866,1.065,0.916820702402958
2025,Spanish Grand Prix,PIA,McLaren,8,1,8,SOFT,80.828,1,48.5,29.1,97.4,1574,5.08500000000001,7,79.866,0.962000000000003,0.900184842883549
2025,Spanish Grand Prix,PIA,McLaren,9,1,9,SOFT,80.767,1,48.5,29.1,95.6,1575,5.024,8,79.866,0.900999999999996,0.88354898336414
2025,Spanish Grand Prix,PIA,McLaren,10,1,10,SOFT,80.89,1,48.5,29.1,93.8,1576,5.14700000000001,9,79.866,1.024,0.866913123844732
2025,Spanish Grand Prix,PIA,McLaren,11,1,11,SOFT,81.136,1,48.5,29.1,92,1577,5.393,10,79.866,1.27,0.850277264325323
2025,Spanish Grand Prix,PIA,McLaren,12,1,12,SOFT,81.091,1,48.5,29.1,90.2,1578,5.348,11,79.866,1.22499999999999,0.833641404805915
2025,Spanish Grand Prix,PIA,McLaren,13,1,13,SOFT,81.033,1,48.5,29.1,88.4,1579,5.29000000000001,12,79.866,1.167,0.817005545286506
2025,Spanish Grand Prix,PIA,McLaren,14,1,14,SOFT,80.78,1,48.5,29.1,86.6,1580,5.03700000000001,13,79.866,0.914000000000001,0.800369685767098
2025,Spanish Grand Prix,PIA,McLaren,15,1,15,SOFT,80.804,1,48.5,29.1,84.8,1581,5.06100000000001,14,79.866,0.938000000000002,0.783733826247689
2025,Spanish Grand Prix,PIA,McLaren,16,1,16,SOFT,80.659,1,48.5,29.1,83,1582,4.91600000000001,15,79.866,0.793000000000006,0.767097966728281
2025,Spanish Grand Prix,PIA,McLaren,17,1,17,SOFT,80.657,1,48.5,29.1,81.2,1583,4.914,16,79.866,0.790999999999997,0.750462107208873
2025,Spanish Grand Prix,PIA,McLaren,18,1,18,SOFT,80.693,1,48.5,29.1,79.4,1584,4.95,17,79.866,0.826999999999998,0.733826247689464
2025,Spanish Grand Prix,PIA,McLaren,19,1,19,SOFT,80.85,1,48.5,29.1,77.6,1585,5.107,18,79.866,0.983999999999995,0.717190388170055
2025,Spanish Grand Prix,PIA,McLaren,20,1,20,SOFT,81.126,1,48.5,29.1,75.8,1586,5.38300000000001,19,79.866,1.26000000000001,0.700554528650647
2025,Spanish Grand Prix,PIA,McLaren,25,2,3,MEDIUM,79.85,2,48.5,29.1,66.8,1587,4.107,1,79.235,0.614999999999995,0.617375231053604
2025,Spanish Grand Prix,PIA,McLaren,26,2,4,MEDIUM,79.913,2,48.5,29.1,65,1588,4.17,2,79.235,0.677999999999997,0.600739371534196
2025,Spanish Grand Prix,PIA,McLaren,27,2,5,MEDIUM,79.749,2,48.5,29.1,63.2,1589,4.006,3,79.235,0.513999999999996,0.584103512014787
2025,Spanish Grand Prix,PIA,McLaren,28,2,6,MEDIUM,79.904,2,48.5,29.1,61.4,1590,4.161,4,79.235,0.668999999999997,0.567467652495379
2025,Spanish Grand Prix,PIA,McLaren,29,2,7,MEDIUM,79.919,1,48.5,29.1,59.6,1591,4.176,5,79.235,0.683999999999997,0.55083179297597
2025,Spanish Grand Prix,PIA,McLaren,30,2,8,MEDIUM,79.807,1,48.5,29.1,57.8,1592,4.06400000000001,6,79.235,0.572000000000003,0.534195933456562
2025,Spanish Grand Prix,PIA,McLaren,31,2,9,MEDIUM,79.719,1,48.5,29.1,56,1593,3.976,7,79.235,0.483999999999995,0.517560073937153
2025,Spanish Grand Prix,PIA,McLaren,32,2,10,MEDIUM,79.983,1,48.5,29.1,54.2,1594,4.24000000000001,8,79.235,0.748000000000005,0.500924214417745
2025,Spanish Grand Prix,PIA,McLaren,33,2,11,MEDIUM,80.387,1,48.5,29.1,52.4,1595,4.64400000000001,9,79.235,1.152,0.484288354898336
2025,Spanish Grand Prix,PIA,McLaren,34,2,12,MEDIUM,80.474,1,48.5,29.1,50.6,1596,4.73100000000001,10,79.235,1.239,0.467652495378928
2025,Spanish Grand Prix,PIA,McLaren,35,2,13,MEDIUM,80.15,1,48.5,29.1,48.8,1597,4.40700000000001,11,79.235,0.915000000000006,0.451016635859519
2025,Spanish Grand Prix,PIA,McLaren,36,2,14,MEDIUM,80.129,1,48.5,29.1,47,1598,4.38600000000001,12,79.235,0.894000000000005,0.434380776340111
2025,Spanish Grand Prix,PIA,McLaren,37,2,15,MEDIUM,80.457,1,48.5,29.1,45.2,1599,4.714,13,79.235,1.22199999999999,0.417744916820702
2025,Spanish Grand Prix,PIA,McLaren,38,2,16,MEDIUM,79.681,1,48.5,29.1,43.4,1600,3.938,14,79.235,0.445999999999998,0.401109057301294
2025,Spanish Grand Prix,PIA,McLaren,39,2,17,MEDIUM,79.945,1,48.5,29.1,41.6,1601,4.202,15,79.235,0.709999999999994,0.384473197781885
2025,Spanish Grand Prix,PIA,McLaren,40,2,18,MEDIUM,80.293,1,48.5,29.1,39.8,1602,4.55000000000001,16,79.235,1.05800000000001,0.367837338262477
2025,Spanish Grand Prix,PIA,McLaren,41,2,19,MEDIUM,80.125,1,48.5,29.1,38,1603,4.38200000000001,17,79.235,0.890000000000001,0.351201478743068
2025,Spanish Grand Prix,PIA,McLaren,42,2,20,MEDIUM,80.141,1,48.5,29.1,36.2,1604,4.39800000000001,18,79.235,0.906000000000006,0.33456561922366
2025,Spanish Grand Prix,PIA,McLaren,43,2,21,MEDIUM,79.489,1,48.5,29.1,34.4,1605,3.74600000000001,19,79.235,0.254000000000005,0.317929759704251
2025,Spanish Grand Prix,PIA,McLaren,44,2,22,MEDIUM,79.694,1,48.5,29.1,32.6,1606,3.95100000000001,20,79.235,0.459000000000003,0.301293900184843
2025,Spanish Grand Prix,PIA,McLaren,45,2,23,MEDIUM,79.438,1,48.5,29.1,30.8,1607,3.69500000000001,21,79.235,0.203000000000003,0.284658040665434
2025,Spanish Grand Prix,PIA,McLaren,46,2,24,MEDIUM,79.235,1,48.5,29.1,29,1608,3.492,22,79.235,0,0.268022181146026
2025,Spanish Grand Prix,PIA,McLaren,47,2,25,MEDIUM,79.63,1,48.5,29.1,27.2,1609,3.887,23,79.235,0.394999999999996,0.251386321626617
2025,Spanish Grand Prix,PIA,McLaren,52,3,6,SOFT,78.796,1,48.5,29.1,18.2,1610,3.05300000000001,1,77.885,0.911000000000001,0.168207024029575
2025,Spanish Grand Prix,PIA,McLaren,53,3,7,SOFT,77.885,1,48.5,29.1,16.4,1611,2.14200000000001,2,77.885,0,0.151571164510166
2025,Spanish Grand Prix,PIA,McLaren,62,4,10,SOFT,75.933,1,48.5,29.1,0.2,1612,0.190000000000012,1,75.933,0,0.00184842883548983
2025,Spanish Grand Prix,PIA,McLaren,63,4,11,SOFT,76.377,1,48.5,29.1,0,1613,0.634,2,75.933,0.443999999999988,0
2025,Spanish Grand Prix,PIA,McLaren,64,4,12,SOFT,76.58,1,48.5,29.1,0,1614,0.837000000000003,3,75.933,0.646999999999991,0
2025,Spanish Grand Prix,PIA,McLaren,65,4,13,SOFT,76.994,1,48.5,29.1,0,1615,1.251,4,75.933,1.06099999999999,0
2025,Spanish Grand Prix,PIA,McLaren,66,4,14,SOFT,77.445,1,48.5,29.1,0,1616,1.702,5,75.933,1.51199999999999,0
